Code;Reach;Stream;Basin;Season;AE;Adicella;Aedes;Aeshna;Agabus;Anacaena;Anax;Ancylus;Anisus;Anopheles;Aquarius;Corixidae;Atherix;Atrichopogon;Atrichops;Baetis;Beraea;Berdeniella;Berosus;Bezzia;Bidessus;Boyeria;Brachypogon;Bythinella;Caenis;Calopteryx;Centroptilum;Ceriagrion;Chalcolestes;Chaoborus;Chelifera;Chionea;Chironomini;Chrysopilus;Chrysops;Clinocera;Cloeon;Coenagrion;Coenagrionidae;Cordulegaster;Crocothemis;Culex;Culicoides;Cyphon;Dasyhelea;Deronectes;Dicranota;Dixa;Dixella;Dryops;Dugesia;Dytiscus;Echinogammarus;Electrogena;Elmis;Elodes;Ephydra;Erpobdella;Erythromma;Forcypomyia;Galba;Gerris;Glossiphonia;Gomphus;Graptodytes;Gyraulus;Gyrinus;Habroleptoides;Habrophlebia;Halesus;Haliplus;Helius;Helobdella;Helochares;Helophorus;Hemerodromia;Hexatoma;Hydracarina;Hydraena;Hydrellia;Hydrocyphon;Hydroglyphus;Hydrometra;Hydrophilus;Hydroporus;Hydropsyche;Hydroptila;Ilybius;Ischnura;Isoperla;Laccobius;Laccophilus;Leuctra;Limnebius;Limnephilidae;Limnephilus;Limnophora;Limoniidae;Lispe;Lymnaea;Macropelopini;Meladema;Mesophylax;Micronecta;Microvelia;Molophilus;Mormia;Mystacides;Naucoris;Nemotelus;Nemoura;Nepa;Nilobezzia;Noterus;Notonecta;Ochthebius;Oligochaeta;Onychogomphus;Orthetrum;Orthocladiinae;Oulimnius;Oxycera;Oxyethira;Paracymus;Paramormia;Parasigara;Peltodytes;Pentaneurini;Pericoma;Peripsychoda;Philopotamus;Physella;Pilaria;Platycnemis;Plea;Plectrocnemia;Polycentropus;Potamopyrgus;Prionocera;Procambarus;Procloeon;Prodiamesa;Pseudolimnophila;Psychoda;Ptychoptera;Pyrrhosoma;Radix;Riolus;Satchelliella;Sciomyzidae;Sericostoma;Serratella;Setodes;Sialis;Sigara;Simulium;Siphonoperla;Sphaerium;Stactobia;Stagnicola;Stictonectes;Stratiomys;Sympetrum;Syrphidae;Tabanus;Tachytrechus;Tanytarsini;Thraulus;Threticus;Tinodes;Tipula;Tonnoiriella;Tyrrhenoleuctra;Ulomyia;Velia;Veliidae;Wormaldia;Yola
CA1W;CA1;Castello;Besos;Winter;Eurheic;0;0;0;0;0;0;0;0;0;0;0;0;0;0;180;0;0;0;68;0;0;0;0;28;0;18;0;0;0;0;0;24;0;0;0;0;0;0;0;0;0;0;0;12;0;3;0;0;0;0;0;0;0;0;1;0;0;0;0;0;0;0;0;0;0;0;3;0;0;0;0;0;0;0;0;0;6;0;0;0;0;0;0;0;3;2;0;0;0;0;0;0;0;0;0;0;0;0;0;0;0;0;1;0;0;0;0;0;0;46;0;0;0;0;0;3;0;2;528;0;2;0;0;0;0;0;48;1;0;0;1;1;0;0;0;0;0;0;0;0;0;0;1;0;1;0;0;0;0;0;0;0;0;0;2;0;1;0;0;0;0;0;0;1;0;88;0;0;2;0;0;0;0;0;0;0;0
CA1SP;CA1;Castello;Besos;Spring;Oligorheic;0;0;0;3;0;0;0;0;0;0;0;0;0;0;0;0;0;0;87;0;0;0;0;58;0;3;0;2;0;0;0;1392;0;0;0;0;0;0;0;0;0;1;0;6;0;0;0;2;0;1;0;0;0;0;0;0;0;0;0;0;0;0;0;0;0;0;0;107;0;0;0;0;0;0;0;0;21;0;0;0;0;0;0;0;0;0;0;0;0;8;0;0;0;0;0;1;0;0;0;96;0;0;10;0;0;0;0;0;0;0;0;0;0;3;0;0;5;0;576;0;0;0;0;0;0;0;336;0;0;0;1;0;0;0;0;0;0;0;0;0;0;0;0;0;0;5;0;0;0;0;0;0;0;0;1;0;6;0;0;1;0;10;0;0;1;5856;0;0;3;2;0;0;0;0;0;0;0
CA1SU;CA1;Castello;Besos;Summer;Eurheic;0;0;0;0;0;0;0;0;0;0;0;0;1;0;14;0;0;0;54;0;0;1;0;225;0;0;0;0;0;0;0;68;1;0;0;0;0;1;0;0;3;42;0;6;0;0;0;0;0;16;0;0;0;0;0;0;0;0;0;0;0;0;0;0;0;0;0;0;0;0;0;0;1;0;1;0;10;0;0;0;0;0;0;0;0;7;0;0;0;2;0;0;0;0;1;0;0;0;0;24;0;0;1;0;0;0;0;0;0;0;1;0;0;0;0;72;3;5;40;0;4;0;0;0;0;0;110;0;0;0;6;0;0;0;0;0;0;0;0;1;0;0;0;0;0;0;0;2;0;0;0;0;0;0;1;0;2;0;0;0;0;1;0;1;0;74;0;0;1;0;0;0;0;0;0;0;0
CA1A;CA1;Castello;Besos;Autumn;Oligorheic;0;0;0;0;0;1;0;1;1;0;0;0;1;0;8;0;0;0;27;0;0;0;0;196;0;34;2;0;0;0;0;59;0;0;0;42;0;0;0;0;0;44;0;17;0;0;0;40;0;0;0;0;0;0;1;0;0;0;0;0;0;0;0;0;0;0;0;1;0;0;0;0;0;0;0;0;25;1;0;0;0;3;0;0;0;0;0;0;0;1;0;0;0;0;1;1;0;0;1;65;0;0;38;0;0;0;6;0;0;8;0;0;0;0;0;13;2;11;202;0;2;0;0;0;0;0;40;1;0;0;0;0;0;0;0;0;0;0;0;0;0;0;0;0;0;0;0;0;1;0;0;0;0;0;2;0;0;0;0;0;0;3;0;0;0;28;0;0;0;1;0;0;0;6;0;0;0
CA2W;CA2;Castello;Besos;Winter;Eurheic;0;0;0;0;0;0;0;0;0;0;0;2;0;0;73;0;0;0;44;0;0;0;0;8;0;26;0;0;0;0;0;24;0;0;0;0;0;0;0;0;0;0;0;6;0;0;0;1;0;0;0;0;0;0;4;0;0;0;0;0;0;0;0;0;0;0;5;0;0;0;0;0;0;0;2;0;3;1;0;0;0;0;0;0;2;0;0;0;0;0;0;0;0;0;0;0;0;0;0;0;0;0;1;0;0;0;0;0;0;68;0;0;0;0;0;4;0;1;224;0;2;0;0;0;0;0;120;1;0;0;0;0;0;0;0;0;0;0;0;0;0;0;0;0;0;0;0;0;0;0;0;0;0;0;1;0;1;0;0;0;0;0;0;2;0;88;0;0;6;0;0;0;0;0;0;7;0
CA2SP;CA2;Castello;Besos;Spring;Oligorheic;0;0;0;4;0;0;0;0;0;0;0;0;0;0;74;0;0;0;47;1;0;1;0;2;0;14;0;122;0;0;0;672;0;0;0;0;0;0;0;0;0;2;0;2;0;0;1;4;0;0;0;0;0;0;0;0;0;0;0;0;2;0;0;1;0;0;0;174;0;0;0;0;0;0;1;0;7;1;0;0;0;0;0;0;1;2;0;0;0;8;0;0;0;0;0;2;0;0;0;32;0;0;0;0;0;0;1;0;0;4;1;0;0;4;0;0;0;0;800;0;2;0;0;0;0;0;400;0;0;0;0;0;0;0;0;0;0;0;0;0;16;0;0;0;0;10;0;0;0;0;0;0;0;0;3;0;6;0;0;20;0;2;0;0;0;1792;0;0;1;1;0;0;0;2;0;0;0
CA2SU;CA2;Castello;Besos;Summer;Eurheic;0;0;4;1;0;0;0;0;0;3;0;1;2;0;3;0;0;0;9;0;0;0;0;76;0;12;0;2;0;0;0;252;0;2;0;3;0;0;0;0;7;0;0;7;0;0;0;12;2;9;0;0;0;0;0;0;0;0;0;0;0;0;0;0;0;0;0;3;0;0;0;0;0;0;3;0;11;0;0;0;0;0;0;0;0;1;0;0;0;0;0;0;0;0;0;0;0;0;0;80;0;0;7;0;0;0;2;0;0;0;0;0;0;1;0;0;0;0;148;0;0;0;0;0;0;0;252;0;0;0;0;0;8;0;2;0;0;0;0;0;0;0;0;0;17;0;1;0;0;0;0;0;0;0;0;0;1;0;0;0;0;8;0;0;1;104;0;0;3;0;0;0;0;0;0;0;0
CA2A;CA2;Castello;Besos;Autumn;Oligorheic;0;0;0;0;0;0;0;0;0;0;0;0;1;5;0;0;0;0;9;0;0;0;0;47;0;46;0;0;0;0;0;70;0;0;0;23;0;0;1;0;0;0;0;32;0;0;0;7;0;6;0;0;0;1;2;0;0;0;0;0;0;0;0;0;1;0;0;0;0;0;0;0;0;0;1;0;3;0;0;0;0;0;0;0;0;0;0;0;0;0;0;0;0;0;0;0;0;0;2;46;0;0;37;0;0;0;4;0;0;7;0;0;0;1;0;15;4;9;107;0;1;0;0;0;0;0;11;0;0;0;2;0;3;0;0;0;0;0;1;0;0;0;0;0;2;0;0;0;0;0;0;0;0;0;0;0;0;0;0;0;0;1;0;0;0;9;0;0;0;1;0;0;0;0;0;0;0
CA3W;CA3;Castello;Besos;Winter;Eurheic;0;0;1;1;0;0;0;0;0;0;0;1;1;0;32;0;0;0;48;0;0;0;0;26;0;148;0;0;0;1;0;28;0;0;0;0;0;0;1;0;0;8;0;0;0;0;0;0;2;0;0;0;0;0;3;0;0;0;0;0;0;0;0;0;0;0;18;0;0;0;0;0;0;0;0;0;13;1;0;0;0;1;0;0;2;0;0;0;0;0;0;0;1;0;0;0;0;0;0;0;0;0;0;0;0;0;0;0;0;89;0;0;0;0;0;3;0;2;272;0;2;0;0;0;0;0;60;1;0;0;0;0;0;0;0;0;0;0;0;0;0;5;0;0;2;0;0;0;0;0;0;0;0;0;1;0;0;0;0;0;0;0;0;2;0;48;0;0;30;0;0;0;0;0;0;16;0
CA3SP;CA3;Castello;Besos;Spring;Oligorheic;0;0;8;4;0;0;0;0;0;0;0;0;1;0;173;0;0;0;11;0;0;0;0;25;0;11;0;55;0;0;0;176;1;0;0;0;0;0;2;0;0;1;0;1;0;8;2;4;0;0;0;0;0;0;6;0;0;0;0;0;0;0;0;0;0;0;0;368;0;0;0;0;0;0;2;0;4;1;0;0;0;0;0;0;1;0;0;0;0;7;0;0;0;0;1;4;0;0;0;16;0;0;0;0;0;0;0;0;0;13;0;0;0;11;0;0;0;0;1000;0;3;0;0;0;0;0;152;1;0;0;0;0;0;0;0;0;0;0;0;0;0;0;0;0;2;0;0;0;0;0;0;0;0;0;96;0;0;0;0;0;0;7;0;0;0;640;0;0;0;0;0;0;0;4;0;0;0
CA3SU;CA3;Castello;Besos;Summer;Eurheic;0;0;9;1;0;0;0;0;0;1;0;2;0;0;7;0;0;0;24;0;0;0;0;1424;0;356;0;2;0;0;0;304;0;7;0;32;0;0;10;0;2;18;0;20;1;0;8;0;2;0;0;0;0;0;1;0;0;0;0;0;6;0;0;0;0;0;0;24;0;0;0;5;0;0;3;0;12;1;0;0;0;0;0;0;12;6;0;0;0;5;0;0;0;0;0;0;0;0;0;120;0;0;0;0;1;0;16;0;0;0;2;0;0;4;0;0;0;0;264;0;0;0;0;0;0;0;640;2;8;0;3;1;1;0;0;2;0;0;0;0;0;0;10;2;44;4;1;0;0;0;0;0;0;0;14;0;3;0;0;3;0;2;0;0;0;464;0;0;1;1;4;0;0;1;0;0;0
CA3A;CA3;Castello;Besos;Autumn;Oligorheic;0;0;0;0;0;0;0;0;7;0;0;0;1;1;0;0;0;0;7;0;0;0;0;128;4;150;0;0;0;0;0;14;0;0;0;128;0;0;0;0;0;6;0;10;0;0;0;6;0;0;1;0;0;0;1;0;0;0;0;0;0;0;0;2;2;0;0;3;0;1;0;0;0;0;2;0;2;0;0;0;0;0;0;0;0;2;0;0;0;0;0;0;1;0;6;0;0;0;12;28;0;0;2;0;0;0;3;0;0;47;0;0;0;1;0;10;3;6;18;0;1;0;0;0;0;0;40;0;0;0;24;0;0;0;0;0;0;0;0;0;0;0;0;0;17;7;0;2;0;0;0;0;0;0;0;0;5;0;0;3;0;1;0;1;0;20;0;0;5;0;0;0;0;0;0;0;0
CA4W;CA4;Castello;Besos;Winter;Eurheic;0;0;0;2;0;0;0;0;2;0;0;0;0;0;220;0;0;0;62;0;0;0;0;63;0;55;0;0;0;0;0;0;0;0;0;0;0;0;0;0;0;0;0;3;0;3;0;7;1;0;0;0;0;0;28;0;0;0;0;0;0;0;0;0;0;0;34;42;0;0;0;0;0;0;0;0;7;2;0;0;0;1;0;0;4;1;0;0;0;0;0;0;0;0;0;0;0;0;0;0;0;0;0;0;0;0;0;0;0;465;0;0;0;0;0;10;0;0;141;0;4;0;0;0;0;0;69;5;0;0;0;0;0;0;0;0;0;0;0;0;0;0;0;0;0;0;2;0;0;0;0;0;0;0;8;0;0;0;0;2;0;0;0;0;0;134;0;0;4;0;0;0;0;0;0;129;0
CA4SP;CA4;Castello;Besos;Spring;Oligorheic;0;0;3;4;0;0;0;0;0;0;0;0;0;0;2;0;0;0;36;0;0;0;0;5;0;0;0;7;0;0;0;39;0;0;1;0;0;0;0;0;0;0;0;3;1;0;1;0;0;0;0;1;0;0;0;0;0;0;0;0;2;0;0;1;0;0;0;60;0;0;0;0;0;0;1;0;2;0;0;0;0;0;0;0;0;0;0;0;0;3;0;0;0;0;0;0;0;0;0;3;0;0;0;0;0;0;0;0;0;5;1;0;0;7;0;0;0;0;55;0;0;0;0;0;0;0;41;0;0;0;0;0;0;0;0;0;0;0;0;0;1;0;0;0;0;0;1;0;0;0;0;0;0;0;3;0;0;0;0;39;0;1;0;0;0;4;0;0;0;0;0;0;0;8;0;0;0
CA4A;CA4;Castello;Besos;Autumn;Arheic;0;0;0;1;0;0;0;0;11;0;0;1;0;0;0;0;0;0;5;0;0;0;0;38;0;3;0;0;0;0;0;4;0;0;0;27;0;0;0;0;0;0;0;1;0;0;0;0;0;0;1;0;0;0;0;0;0;0;0;0;0;0;0;14;0;0;0;2;0;4;0;0;0;0;0;0;4;2;0;0;0;1;0;0;0;0;0;0;0;0;0;0;0;0;10;0;0;0;10;3;0;0;0;0;0;0;0;0;0;31;0;0;0;5;0;2;0;9;2;0;1;0;0;0;0;0;20;0;0;0;20;0;0;0;0;0;0;0;0;0;0;0;0;0;6;0;0;0;0;0;0;0;0;0;0;0;1;0;0;13;0;0;0;0;0;1;0;0;0;0;0;0;0;1;0;0;0
H1W;H1;Vall_d_Horta;Besos;Winter;Eurheic;0;0;0;3;0;0;0;1;0;0;0;0;0;1;100;0;0;0;16;0;0;8;0;14;3;0;3;0;0;0;0;48;0;0;1;56;4;0;0;0;0;28;0;16;0;0;0;0;0;0;0;0;0;0;1;0;0;0;0;0;0;0;0;0;0;1;0;0;0;0;0;0;0;0;2;0;7;0;0;0;0;0;0;0;1;0;0;0;1;0;0;0;0;0;11;0;0;0;0;4;0;0;0;0;0;0;0;0;0;5;0;0;0;1;0;1;0;1;56;1;2;0;0;0;0;0;128;1;0;0;6;1;0;0;2;0;0;0;0;0;0;0;1;1;7;0;0;0;0;0;0;0;3;0;22;0;18;0;0;4;0;0;0;0;0;64;156;0;0;0;0;0;0;0;0;0;0
H1SP;H1;Vall_d_Horta;Besos;Spring;Eurheic;0;0;6;2;0;0;0;0;0;0;74;0;0;0;4;0;0;0;50;0;0;0;0;56;1;0;0;92;0;0;0;968;0;0;0;15;0;0;0;0;0;0;0;0;1;1;0;2;1;0;0;1;0;0;0;0;0;0;0;0;0;0;0;0;0;2;0;560;1;5;0;0;0;0;14;0;16;0;0;0;0;0;0;0;1;0;0;0;7;1;0;0;0;0;6;0;0;0;0;352;0;0;0;0;0;0;0;0;0;0;1;0;0;2;0;0;0;0;304;14;4;0;0;0;0;0;200;1;0;0;1;0;0;0;4;5;0;0;0;0;16;0;0;0;4;4;0;0;0;0;164;0;6;0;2;0;0;0;0;84;0;0;0;0;0;224;224;0;0;0;0;0;0;0;0;1;0
H1SU;H1;Vall_d_Horta;Besos;Summer;Eurheic;0;0;5;16;0;0;0;0;14;0;2;0;1;0;10;0;0;0;22;0;0;6;0;25;5;0;22;32;0;0;0;848;0;0;0;94;0;0;1;0;38;3;0;143;1;0;6;44;3;0;1;1;0;0;6;0;0;0;0;0;0;0;0;0;0;0;0;73;0;2;0;1;0;0;60;0;30;16;0;0;0;4;0;0;50;70;0;0;0;0;0;0;0;0;3;4;0;0;0;112;0;0;2;0;0;0;3;0;0;0;4;0;0;2;0;0;0;0;1312;165;28;0;0;0;0;0;416;25;0;3;12;0;0;0;15;8;0;0;0;0;0;0;8;0;0;54;0;0;0;0;64;0;0;0;67;0;0;0;0;20;0;1;0;0;0;944;1;0;0;1;33;0;0;2;0;5;0
H1A;H1;Vall_d_Horta;Besos;Autumn;Eurheic;0;0;0;2;0;0;0;1;0;0;0;0;0;1;0;0;0;0;11;0;0;0;0;61;1;0;0;0;0;0;0;81;0;0;0;38;0;0;1;0;0;2;0;2;0;0;0;27;0;0;0;1;0;0;1;0;0;0;0;0;0;0;0;0;0;10;0;2;0;2;0;0;0;0;5;0;19;0;0;0;0;0;0;0;3;0;0;0;0;0;2;0;0;0;0;0;0;0;0;6;0;0;0;0;0;0;0;0;0;5;0;0;0;1;0;0;0;0;246;27;3;0;0;0;1;0;41;3;0;4;0;1;0;0;0;1;0;0;0;0;0;0;0;0;2;0;0;0;0;0;0;0;1;0;8;0;16;0;0;3;0;0;0;1;0;15;0;0;0;0;0;0;0;0;0;0;0
H2W;H2;Vall_d_Horta;Besos;Winter;Eurheic;1;0;1;0;0;0;0;0;0;0;0;0;0;3;72;0;0;0;68;0;0;0;0;16;0;0;6;0;0;0;0;0;1;0;0;0;0;0;1;0;0;12;0;4;1;0;0;0;0;0;0;4;1;0;2;0;2;0;0;0;0;0;0;0;0;1;0;144;0;0;0;0;0;0;68;0;7;0;0;0;0;0;0;0;66;0;0;0;6;0;0;0;0;0;7;1;0;0;0;8;0;0;0;0;0;0;0;0;0;180;0;0;0;0;0;6;0;1;116;7;3;0;0;0;0;0;56;38;0;0;3;0;0;0;0;3;0;0;0;0;0;0;0;0;3;2;0;0;0;0;1;0;4;0;56;0;3;0;0;1;0;0;0;0;0;284;0;0;0;3;0;0;0;0;0;60;0
H2SP;H2;Vall_d_Horta;Besos;Spring;Arheic;0;0;1;15;0;0;1;0;0;0;4;0;0;2;1280;0;9;0;160;0;0;77;0;46;0;0;0;68;0;0;0;864;0;2;0;0;0;0;2;0;0;8;0;0;3;14;0;0;0;0;0;0;0;0;3;0;0;0;0;0;0;0;0;2;0;1;0;613;0;14;0;0;0;0;16;0;38;0;0;0;0;0;0;0;16;8;0;0;10;3;0;0;0;0;1;0;0;0;0;32;0;0;0;0;0;0;0;0;0;0;0;0;0;8;0;1;0;0;1456;19;2;0;0;0;0;0;432;5;0;0;2;0;0;0;0;4;0;0;0;0;80;0;0;0;0;2;0;0;0;0;296;0;3;0;118;0;1;0;0;117;0;0;0;0;0;880;0;0;0;1;1;0;0;5;0;0;0
H2SU;H2;Vall_d_Horta;Besos;Summer;Eurheic;0;1;6;1;0;0;1;0;1;0;19;0;1;0;17;0;0;0;1;0;0;0;0;3;0;0;0;39;0;0;0;652;0;0;0;40;0;0;0;0;13;0;0;1;0;0;0;9;0;1;0;0;0;0;1;0;0;0;0;0;0;0;0;1;0;1;0;55;0;3;0;1;0;0;0;0;15;0;0;0;0;2;0;0;0;2;0;0;0;2;0;1;0;0;0;0;0;0;2;44;0;0;0;0;0;0;0;0;0;0;0;0;0;4;0;0;0;0;84;3;2;0;0;0;0;0;148;3;0;0;3;0;0;0;0;0;0;0;0;0;0;0;0;0;29;19;0;0;0;0;1;0;0;3;2;0;2;0;0;8;0;3;0;0;0;8;1;0;6;1;2;0;0;0;0;0;0
H2A;H2;Vall_d_Horta;Besos;Autumn;Eurheic;0;0;1;3;0;0;0;0;0;0;0;0;0;0;6;0;2;0;17;0;0;0;0;49;0;0;0;0;0;0;0;0;0;0;0;17;0;0;0;0;4;0;0;2;0;0;0;0;2;0;0;0;0;0;2;0;0;0;0;0;0;0;0;1;0;0;0;0;0;0;0;0;0;0;2;0;10;0;0;0;0;0;0;0;2;0;0;0;0;0;0;0;0;0;2;2;0;0;0;0;0;0;0;0;0;0;0;0;0;11;0;0;0;1;0;7;0;0;161;10;2;0;0;0;0;0;6;0;0;1;8;0;0;0;0;0;0;0;0;0;0;0;0;0;1;0;0;0;0;1;0;0;0;0;19;0;1;0;0;0;0;0;0;0;0;36;0;2;0;0;0;0;0;0;0;0;0
H3W;H3;Vall_d_Horta;Besos;Winter;Eurheic;0;0;0;7;0;0;5;1;0;0;0;0;0;3;692;0;0;0;20;0;0;4;0;46;1;0;0;0;0;1;0;0;0;0;0;57;0;0;0;0;0;1;1;4;8;13;0;0;1;0;0;36;3;0;6;0;3;0;0;0;0;0;0;0;0;1;300;271;0;0;0;1;0;0;10;0;3;0;0;0;0;0;0;0;28;14;0;0;13;0;0;0;0;0;5;0;0;0;0;1;0;0;0;0;0;0;0;0;1;541;0;0;0;0;0;9;0;2;360;1;11;0;0;0;0;0;168;76;0;0;3;0;0;0;0;28;0;0;0;0;0;0;0;0;6;1;0;0;0;0;0;0;0;0;464;7;1;0;0;3;0;0;0;0;0;192;37;0;2;0;0;0;0;0;0;68;0
H3SU;H3;Vall_d_Horta;Besos;Summer;Eurheic;0;0;2;3;0;0;3;0;2;0;1;0;0;0;84;0;0;0;7;0;0;0;0;3;1;0;53;11;0;0;0;440;0;0;0;260;0;0;0;0;47;0;0;0;0;0;0;15;0;0;0;0;0;0;20;0;7;0;0;0;1;0;0;5;0;6;0;54;0;17;0;4;0;0;0;0;57;13;0;0;0;1;0;0;45;315;0;0;0;0;0;0;1;0;0;27;0;0;0;15;0;0;1;0;0;0;1;0;0;0;3;0;0;2;0;9;0;0;1315;4;16;0;0;0;0;0;491;123;0;0;72;0;0;0;15;0;0;0;0;0;0;0;96;0;0;68;0;0;0;0;1;0;0;0;196;0;1;0;0;8;0;3;0;0;0;170;1;0;1;0;55;0;0;0;0;0;0
H3A;H3;Vall_d_Horta;Besos;Autumn;Arheic;0;0;0;5;1;0;0;0;0;0;0;0;0;0;5;0;95;0;3;0;0;0;0;54;0;0;0;0;0;0;0;22;0;0;0;40;0;0;0;0;0;0;0;0;1;0;0;1;0;0;0;3;0;0;4;0;0;0;0;0;0;0;0;0;0;0;0;0;0;0;0;0;0;0;1;0;44;0;0;0;0;1;0;0;1;1;0;0;0;0;0;0;0;0;5;0;0;0;0;0;0;0;0;0;0;12;0;0;0;8;0;0;0;0;0;0;0;2;390;3;11;0;0;0;0;0;24;18;0;11;2;0;0;0;0;1;0;0;0;0;0;0;0;0;0;0;0;0;0;0;0;0;0;0;125;0;0;0;0;0;0;0;0;0;0;24;0;47;1;0;6;0;0;0;0;0;0
H4W;H4;Vall_d_Horta;Besos;Winter;Eurheic;0;0;0;12;0;0;0;0;0;0;0;0;1;0;268;0;0;0;2;0;0;0;0;9;0;0;0;0;0;1;0;0;0;0;9;0;0;0;0;0;0;0;0;0;37;9;0;0;1;0;0;11;5;0;12;0;0;0;0;0;0;0;0;3;0;0;238;102;0;0;0;0;0;0;0;0;3;4;0;0;0;0;0;0;0;2;0;0;0;0;0;0;0;0;1;0;0;0;0;0;0;3;0;0;0;0;0;0;0;364;0;0;0;0;0;6;0;0;540;0;6;0;0;0;0;0;24;8;0;0;0;0;0;0;0;0;0;0;0;0;0;0;0;0;0;0;0;0;0;0;0;0;0;0;456;1;0;0;0;0;0;0;0;1;0;60;0;0;0;0;0;0;0;0;0;2;0
H5W;H5;Vall_d_Horta;Besos;Winter;Oligorheic;0;0;0;0;0;0;0;0;0;0;0;0;0;0;1;0;0;0;1;0;0;0;0;0;0;0;0;0;0;0;0;24;0;0;0;0;0;0;1;0;0;4;0;0;2;0;0;0;0;0;0;616;34;0;4;0;0;0;0;0;0;0;0;0;0;0;0;18;0;0;0;0;0;0;0;0;0;0;0;0;0;0;0;0;0;0;0;0;0;0;0;0;0;0;1;0;0;0;0;0;0;0;0;0;0;0;0;0;0;0;0;0;0;0;0;0;0;0;96;0;4;0;0;0;0;0;22;2;0;0;0;0;0;0;0;0;0;0;0;0;0;0;0;0;0;0;0;0;0;0;0;0;0;0;0;1;0;0;0;6;0;0;0;0;0;4;0;0;0;0;0;0;0;0;0;0;0
H5SP;H5;Vall_d_Horta;Besos;Spring;Oligorheic;0;0;19;11;0;0;0;1;0;0;0;0;1;0;144;0;0;0;2;0;0;0;0;0;0;0;0;64;0;0;0;112;0;0;2;0;0;0;0;0;0;0;0;0;11;6;3;0;0;0;0;364;1;0;3;0;0;0;0;0;0;1;0;1;0;0;0;72;0;2;0;0;0;0;0;0;0;0;0;0;0;0;0;2;0;4;0;0;0;5;0;0;0;0;0;1;0;0;0;144;0;0;0;0;0;0;0;0;0;0;0;0;0;1;0;0;0;0;1600;0;5;0;0;0;0;0;800;5;0;0;0;0;0;0;0;0;0;0;0;0;16;0;1;0;0;0;0;0;0;0;0;0;0;0;254;0;0;0;0;66;0;0;0;0;0;608;0;0;0;0;2;0;0;0;0;0;0
H5SU;H5;Vall_d_Horta;Besos;Summer;Arheic;0;0;2;0;0;0;0;0;0;0;0;0;0;0;0;0;0;0;9;0;0;0;0;41;0;0;0;4;0;0;0;28;0;0;0;62;0;0;8;0;1;0;0;35;2;0;0;0;0;0;0;6;0;0;1;0;0;0;0;0;8;0;0;3;0;0;0;0;0;0;0;0;0;0;0;0;1;2;0;0;0;0;0;0;0;1;0;0;0;2;0;0;2;0;0;0;0;0;0;4;0;0;0;0;0;0;0;0;0;0;0;0;0;0;0;0;0;0;52;0;6;0;0;0;0;0;252;0;0;0;0;0;0;0;0;0;0;0;0;0;0;0;1;0;0;1;0;0;0;0;0;0;0;0;0;0;0;0;0;20;0;0;0;0;0;122;0;0;0;0;0;0;0;0;0;0;0
H5A;H5;Vall_d_Horta;Besos;Autumn;Oligorheic;0;0;0;3;0;0;0;0;0;0;0;0;0;0;0;0;5;0;0;0;0;0;0;2;0;0;0;0;0;0;0;0;0;0;0;2;0;0;0;0;0;1;0;6;0;0;0;0;0;0;0;4;1;0;0;0;0;0;0;0;0;0;0;0;0;0;0;0;0;0;0;0;0;0;0;0;3;0;0;0;0;0;0;0;0;0;0;0;0;0;0;0;0;0;1;0;0;0;0;0;0;0;0;0;0;0;0;0;0;0;0;0;0;0;0;13;0;0;153;0;3;0;1;0;0;0;20;0;0;3;0;0;0;0;0;0;0;0;0;0;0;0;0;0;0;0;0;0;0;0;0;0;0;0;7;0;0;0;0;0;0;0;0;0;0;1;0;1;0;0;0;0;0;1;0;0;0
MU1W;MU1;Mura;Llobregat;Winter;Eurheic;0;0;0;7;0;0;0;0;0;0;0;0;0;0;78;1;0;0;3;0;0;1;0;12;0;0;0;0;0;0;0;13;1;0;0;10;0;0;1;0;0;0;0;0;5;2;0;0;0;0;0;0;0;0;0;0;0;0;0;0;0;0;0;4;0;0;24;200;0;29;0;0;0;0;2;0;5;1;0;0;0;0;0;0;5;1;0;0;35;0;0;0;0;2;0;0;0;0;0;0;0;0;0;0;0;0;0;0;0;120;0;0;0;0;0;0;0;0;68;0;17;0;0;0;0;0;32;3;0;0;0;1;0;0;0;1;0;0;0;0;0;0;0;0;0;0;0;0;0;0;2;0;0;0;3;0;0;0;0;15;0;0;0;0;0;4;0;0;0;1;0;0;0;0;0;1;0
MU1SP;MU1;Mura;Llobregat;Spring;Oligorheic;0;0;0;4;0;0;0;0;0;0;0;0;0;0;2;0;0;0;1;1;0;0;0;1;0;0;0;3;0;0;0;22;0;0;0;0;0;0;0;0;1;0;0;0;1;0;0;0;1;0;0;0;0;0;0;0;0;0;0;0;0;0;0;2;0;0;0;60;0;3;0;0;0;0;0;0;1;0;0;0;0;1;0;0;0;3;0;0;0;44;0;0;0;0;0;0;0;0;0;5;0;0;4;0;0;0;0;0;0;0;0;0;0;1;0;1;0;0;29;0;9;0;0;0;0;0;23;0;0;0;0;0;0;0;0;1;0;0;0;0;0;0;0;0;0;2;0;0;0;0;1;0;0;0;1;0;0;0;0;200;0;3;0;0;0;14;0;0;0;0;1;0;0;7;0;0;0
MU2W;MU2;Mura;Llobregat;Winter;Eurheic;0;0;0;0;0;0;0;0;0;0;0;0;0;0;23;0;0;0;5;0;0;0;0;9;0;0;0;0;0;2;0;0;1;0;0;0;0;0;0;0;0;0;0;0;0;2;0;0;0;0;0;0;0;0;0;0;0;0;0;0;0;0;0;0;0;0;2;96;0;0;0;0;0;0;0;0;5;0;0;0;0;0;0;0;2;5;0;0;0;0;0;0;0;0;0;0;0;0;0;0;0;0;0;0;1;0;0;0;0;3;0;0;0;0;0;3;0;0;132;1;3;0;0;0;0;0;52;0;0;0;0;0;0;0;0;0;0;0;0;0;0;0;0;0;0;1;0;0;0;0;0;0;0;0;6;0;0;0;0;1;0;0;0;1;0;0;0;0;0;0;0;0;0;0;0;0;0
MU2SP;MU2;Mura;Llobregat;Spring;Oligorheic;0;0;0;39;0;0;0;0;0;0;0;0;0;0;276;0;0;0;3;0;0;0;0;1;0;0;0;1;0;0;0;96;0;0;0;0;0;0;1;0;0;0;0;0;0;1;4;0;0;0;0;0;0;0;0;0;0;0;0;0;0;0;0;0;0;0;0;47;0;0;0;0;0;0;0;0;6;0;0;0;0;2;0;0;0;56;0;0;0;11;0;0;0;0;0;3;0;0;0;32;0;0;0;0;0;0;0;0;0;0;2;0;0;1;0;0;0;0;2070;0;1;0;0;0;0;0;43;2;0;0;0;0;0;0;0;0;0;0;0;0;21;0;0;0;0;7;0;0;0;0;0;0;0;0;661;0;0;0;0;2;0;0;0;0;0;555;0;0;0;0;3;0;0;7;0;0;0
MU2SU;MU2;Mura;Llobregat;Summer;Eurheic;0;0;0;4;0;0;0;0;0;0;0;0;0;0;0;0;0;0;2;0;0;2;0;3;0;0;0;0;0;0;0;215;0;0;0;0;0;0;1;0;1;0;1;0;0;0;0;0;1;0;0;0;0;0;0;0;0;0;0;0;0;0;0;0;0;2;0;2;0;0;0;0;0;0;0;0;21;4;0;0;0;1;0;0;0;5;0;0;0;0;0;0;0;0;0;0;0;0;0;36;0;0;0;0;0;0;0;0;0;0;0;0;0;0;0;6;0;0;144;0;4;0;0;0;0;0;96;0;0;0;1;0;0;0;0;0;0;0;0;0;0;0;0;0;0;32;0;0;0;0;0;0;0;0;0;0;0;0;0;1;0;0;0;0;0;59;0;0;0;1;3;0;0;2;0;0;0
MU2A;MU2;Mura;Llobregat;Autumn;Arheic;0;0;0;0;0;0;0;0;0;0;0;0;0;0;0;0;0;0;1;0;0;0;0;0;0;0;0;0;0;0;0;2;0;0;0;0;0;0;0;0;0;0;0;0;0;0;0;0;0;0;0;0;0;0;0;0;0;0;0;0;0;0;0;0;0;0;0;0;0;0;0;0;0;0;0;0;1;1;0;0;0;0;0;0;0;0;0;0;0;0;0;0;0;0;0;0;0;0;0;0;0;0;0;0;0;0;0;0;0;0;0;0;0;0;0;0;0;0;6;0;4;0;0;0;0;0;0;0;0;0;0;0;0;0;0;0;0;0;0;0;0;0;0;0;0;0;0;0;0;0;0;0;0;0;0;0;0;0;0;0;0;0;0;0;0;0;0;0;0;0;0;0;0;0;0;0;0
MU3W;MU3;Mura;Llobregat;Winter;Eurheic;0;0;0;0;0;0;0;0;0;0;0;0;0;0;33;0;0;0;1;0;0;0;0;4;0;0;0;0;0;1;1;0;0;0;3;0;0;0;0;0;0;0;0;0;0;5;0;0;0;0;0;0;1;0;0;0;0;0;0;0;0;0;0;1;0;0;4;41;0;0;0;0;0;0;0;0;4;0;0;0;0;0;0;0;0;0;0;0;2;0;0;0;0;0;0;0;0;0;0;0;0;0;0;0;0;0;0;0;0;0;0;0;0;0;0;4;0;0;408;0;4;0;0;0;0;0;12;2;0;0;1;0;0;0;1;0;0;0;0;0;0;0;0;0;1;0;0;0;0;0;0;0;0;0;3;0;0;0;0;0;0;0;0;0;0;8;0;0;0;4;0;0;0;0;0;0;0
MU3SP;MU3;Mura;Llobregat;Spring;Oligorheic;0;0;0;20;0;0;0;2;0;0;0;0;0;0;666;1;0;0;3;0;0;2;0;0;0;0;0;1;0;0;0;192;0;0;0;0;0;0;0;0;0;2;0;0;0;0;2;0;1;0;0;0;0;0;1;0;1;0;0;0;0;0;0;0;0;0;0;22;0;1;0;0;0;0;0;0;2;0;0;0;0;2;0;0;0;94;0;0;0;30;0;0;0;0;0;2;0;0;0;16;0;0;0;0;0;0;0;0;0;0;0;0;0;1;0;81;0;0;2880;0;5;0;0;0;0;0;32;2;0;0;0;0;0;0;0;0;0;0;0;0;16;0;0;0;0;5;0;0;0;0;0;0;0;0;672;0;0;0;0;0;0;0;0;0;0;592;0;0;0;2;5;0;0;3;0;0;0
MU3SU;MU3;Mura;Llobregat;Summer;Oligorheic;0;0;0;8;0;0;0;0;0;0;0;0;0;0;26;0;0;0;1;0;0;0;0;48;0;0;0;9;0;0;0;62;0;0;0;45;0;0;1;0;2;0;0;0;0;0;0;1;8;0;0;0;0;0;0;0;0;0;0;0;1;0;0;0;0;0;0;12;0;1;0;0;1;0;0;0;5;0;0;0;0;1;0;0;0;3;0;0;0;3;0;0;1;0;0;0;0;2;0;3;0;0;0;0;0;0;0;0;0;0;1;0;0;2;0;0;0;0;2;0;3;0;0;0;0;0;61;0;0;0;0;0;0;0;0;0;0;0;0;0;0;0;0;0;3;25;1;0;0;0;0;0;0;0;3;0;0;0;0;6;0;2;0;0;0;0;0;0;0;1;2;0;0;0;0;0;0
MU3A;MU3;Mura;Llobregat;Autumn;Eurheic;0;0;1;2;0;0;0;0;0;0;0;0;0;0;1;0;0;0;4;0;0;0;0;4;0;0;0;0;0;0;0;0;0;0;0;0;0;0;0;0;0;0;0;5;1;0;0;0;0;0;0;0;0;0;0;0;0;0;0;0;0;0;0;0;0;0;0;0;0;0;0;0;0;0;0;0;4;0;0;0;0;0;0;0;0;0;0;0;0;1;0;0;1;0;0;0;1;0;1;0;0;0;0;0;0;4;0;0;0;4;0;0;0;0;0;1;0;0;465;0;7;0;0;0;0;0;1;6;0;0;0;0;0;0;0;0;0;0;0;0;0;0;0;0;1;2;0;0;0;0;0;0;0;0;1;0;0;0;0;0;0;0;0;0;0;0;0;0;0;0;0;0;0;0;0;0;0
MU4W;MU4;Mura;Llobregat;Winter;Eurheic;0;0;0;3;0;0;0;0;0;0;0;0;0;0;11;0;0;0;2;0;0;0;0;11;0;0;0;0;0;2;0;0;0;0;4;0;0;0;0;0;0;0;0;0;0;2;0;0;1;0;0;0;0;0;0;0;0;0;0;0;0;0;0;1;0;0;6;32;0;2;0;0;0;0;0;0;8;2;0;0;0;0;0;0;1;2;0;0;2;1;0;0;0;0;0;0;0;0;0;0;0;0;0;0;0;0;0;0;0;9;0;0;0;0;0;4;0;0;1096;0;14;0;0;0;0;0;24;0;0;0;0;0;0;0;0;0;0;0;0;0;0;0;0;0;0;0;1;0;0;0;0;0;0;0;2;0;0;0;0;1;0;0;0;3;0;16;0;0;0;0;0;0;0;0;0;0;0
MU4SP;MU4;Mura;Llobregat;Spring;Oligorheic;0;0;0;10;0;0;0;0;0;0;0;0;0;0;35;0;0;0;8;0;0;0;0;2;0;0;0;0;0;0;0;119;0;0;0;0;0;0;0;0;0;0;0;0;0;1;1;0;0;0;0;0;0;0;0;0;0;0;0;0;4;0;0;0;0;0;0;25;0;12;0;0;0;0;0;0;12;1;0;0;0;5;0;0;1;22;0;0;0;28;0;0;0;0;0;0;0;0;0;31;0;0;0;0;0;0;0;0;0;3;3;0;0;1;0;14;0;0;433;0;4;0;0;0;0;0;113;0;0;0;0;0;0;0;0;0;0;0;0;0;7;0;0;0;0;8;0;0;0;0;0;0;0;0;27;0;0;0;0;0;0;1;0;0;0;452;0;0;0;2;0;0;0;2;0;0;0
MU4SU;MU4;Mura;Llobregat;Summer;Oligorheic;0;0;6;11;1;0;0;0;0;0;0;0;1;0;0;0;0;0;72;5;0;0;0;2416;0;0;0;8;0;1;0;704;0;0;0;147;0;0;5;0;31;8;0;8;0;0;0;3;4;0;0;0;0;0;0;1;1;0;1;0;4;0;0;1;0;0;0;4;0;8;0;0;3;0;0;0;28;3;0;0;0;2;0;0;4;133;1;0;0;10;0;0;0;0;0;0;0;0;0;16;0;0;0;0;0;0;4;0;0;0;2;0;0;1;0;0;1;7;496;0;48;0;0;0;0;3;784;1;64;0;2;0;0;0;0;0;0;0;0;0;0;0;0;0;9;84;0;0;0;0;0;0;0;0;0;0;0;0;0;18;0;3;0;3;0;304;0;0;4;0;0;0;0;1;0;0;0
MU4A;MU4;Mura;Llobregat;Autumn;Eurheic;0;0;0;2;0;0;0;0;0;0;0;0;0;0;10;0;0;0;2;0;0;0;0;11;0;0;0;0;0;0;0;0;0;0;0;0;0;0;0;0;0;0;0;1;0;0;0;1;0;0;0;0;0;0;0;0;0;0;0;0;0;0;0;0;0;0;0;0;0;0;0;0;0;0;0;0;0;0;0;0;0;0;0;0;0;0;0;0;0;2;0;0;0;0;2;0;0;0;1;0;0;0;0;0;0;1;0;0;0;6;0;0;0;0;0;0;0;0;247;0;2;0;1;0;0;0;2;0;0;0;1;0;0;0;0;0;0;0;0;0;0;0;0;0;0;0;0;0;0;0;0;0;0;0;0;0;0;0;0;0;0;0;0;0;0;9;0;0;0;0;0;0;0;0;0;0;0
R1W;R1;Rellinars;Llobregat;Winter;Eurheic;0;0;0;27;0;0;0;0;0;0;0;0;0;0;1538;0;0;0;17;0;0;0;0;25;0;0;0;0;0;7;0;0;0;0;11;0;0;0;1;0;0;0;1;0;0;18;0;0;4;0;0;0;0;0;2;0;0;0;0;0;0;0;0;0;0;0;0;2;0;13;0;0;0;0;0;0;16;0;0;0;0;0;0;11;3;4;0;0;0;0;0;0;0;0;6;1;0;0;2;0;0;0;0;0;0;0;0;0;0;722;0;0;0;0;0;4;0;0;640;0;3;0;0;0;0;0;96;0;0;0;2;0;0;0;0;0;0;0;0;0;0;0;0;0;0;0;0;0;0;0;0;0;0;0;1136;0;0;0;1;0;0;0;0;1;1;16;0;0;0;0;2;19;0;0;0;2;0
R2W;R2;Rellinars;Llobregat;Winter;Eurheic;0;0;0;18;0;0;0;1;0;0;0;0;0;0;52;0;0;0;10;0;0;0;0;144;0;0;0;0;0;1;0;0;0;0;0;36;2;0;0;0;0;0;0;3;0;2;1;0;3;0;0;0;0;0;1;0;0;0;0;0;0;0;0;0;0;2;0;24;0;3;0;0;0;0;0;0;3;0;0;0;0;0;0;0;0;1;0;0;0;0;0;0;0;0;4;0;0;0;1;0;0;0;0;0;0;0;0;0;0;232;0;0;0;3;0;0;0;2;592;0;6;0;0;0;0;0;320;0;0;0;5;0;0;0;0;0;0;0;0;4;0;0;0;0;2;0;0;0;0;0;0;0;0;0;4;0;1;0;0;1;0;0;0;0;0;64;0;0;1;0;0;0;0;0;0;0;1
R3W;R3;Rellinars;Llobregat;Winter;Eurheic;0;0;0;7;2;0;0;0;0;0;0;0;0;0;16;0;0;0;6;0;0;0;0;25;0;1;0;0;0;0;0;0;0;0;0;14;2;0;0;0;0;0;0;5;0;0;0;0;6;0;0;0;0;0;2;0;0;0;0;0;0;0;0;0;0;0;3;0;0;0;0;0;1;0;0;0;2;1;0;2;0;0;0;0;0;0;0;0;0;0;0;0;0;0;0;0;0;0;0;0;0;0;0;0;0;0;0;0;0;36;0;0;0;0;0;6;0;2;18;0;6;0;0;0;0;0;39;0;0;0;0;0;0;0;0;0;0;0;0;0;0;0;0;0;0;0;0;0;0;0;0;0;0;0;8;0;0;1;0;0;0;0;0;0;0;8;0;0;2;0;0;0;0;0;0;0;0
R4W;R4;Rellinars;Llobregat;Winter;Eurheic;0;0;1;2;0;0;0;0;0;0;0;0;8;0;17;0;0;0;44;0;0;2;0;168;0;1;0;0;0;3;0;20;0;5;1;12;0;0;1;0;0;4;0;16;0;2;0;0;1;0;0;0;0;0;0;0;0;0;0;0;0;0;0;0;0;0;0;12;0;0;0;0;0;0;2;0;2;0;0;0;0;0;0;0;0;2;0;0;0;0;0;0;0;0;0;0;0;0;0;48;0;0;0;0;0;0;0;0;0;70;0;0;0;0;0;72;0;4;56;0;4;0;0;0;0;0;276;0;0;0;10;0;0;0;0;0;0;0;0;0;0;0;0;0;3;0;0;0;0;0;0;0;0;0;5;0;3;1;0;2;0;0;0;0;1;92;0;0;11;3;0;0;0;0;0;0;0
R4SP;R4;Rellinars;Llobregat;Spring;Arheic;0;0;0;0;0;0;0;0;0;0;0;0;0;0;0;0;0;0;8;2;0;0;0;6;0;0;0;1;0;0;0;77;0;0;0;0;0;0;1;0;0;0;0;0;0;0;0;0;0;0;0;0;0;0;0;0;0;0;0;0;0;0;0;1;0;0;0;1;0;1;0;0;0;0;0;0;4;0;0;0;0;0;0;0;0;0;0;0;0;4;0;0;1;0;0;0;0;0;3;2;0;0;1;0;0;0;0;0;0;0;0;0;0;11;0;0;0;2;16;0;0;0;1;0;0;0;85;0;0;0;1;0;0;0;0;0;0;0;0;0;0;0;0;0;0;3;0;0;0;0;0;0;0;0;0;0;0;0;0;0;0;4;0;0;0;12;0;0;0;0;0;0;0;0;0;0;0
R4SU;R4;Rellinars;Llobregat;Summer;Arheic;0;0;1;0;0;0;0;0;0;0;0;0;0;0;0;0;0;0;1;0;0;0;0;34;0;0;1;0;0;0;0;159;0;0;0;9;0;0;0;0;2;0;1;93;0;0;0;0;0;0;0;0;0;0;0;0;0;0;0;0;1;0;0;0;0;0;0;0;0;0;0;0;0;0;0;0;0;2;0;0;0;0;0;0;0;0;0;0;0;0;0;0;0;0;0;0;0;0;0;11;0;0;0;0;0;0;0;0;0;0;2;0;0;3;0;0;0;4;16;0;1;0;0;0;0;0;9;0;0;0;0;0;0;0;0;0;0;0;0;0;0;0;0;0;0;0;0;0;0;0;0;0;0;0;0;0;0;0;0;0;0;0;0;0;1;0;0;0;0;0;0;0;0;0;0;0;0
R4A;R4;Rellinars;Llobregat;Autumn;Oligorheic;0;0;0;0;0;0;0;0;0;0;0;0;0;0;0;0;0;0;0;0;0;0;0;0;0;0;0;0;0;0;0;3;0;0;0;7;0;0;0;0;0;0;0;1;0;0;0;0;0;0;0;0;0;0;0;0;0;0;0;0;0;0;0;0;0;0;0;0;0;1;0;0;0;0;0;0;1;0;0;0;0;0;0;0;0;0;0;0;0;0;0;0;0;0;0;0;0;0;0;0;0;0;0;0;0;0;0;0;0;1;0;0;0;0;0;0;0;0;19;0;0;0;0;0;0;0;13;0;0;0;0;0;0;0;0;0;0;0;0;0;0;0;0;0;0;0;0;0;0;0;0;0;0;0;0;0;0;0;0;0;0;0;0;0;0;0;0;0;0;0;0;0;0;0;0;0;0
SA1W;SA1;Sanana;Llobregat;Winter;Eurheic;0;0;0;1;0;0;0;3;0;0;0;0;0;0;35;0;0;0;6;0;0;0;3;36;2;14;0;0;0;1;0;0;0;0;0;5;2;0;0;0;0;0;0;4;0;0;0;0;1;0;0;0;0;0;0;0;0;0;0;0;0;0;0;0;0;0;0;0;0;2;0;0;0;0;12;0;13;0;0;0;0;0;0;0;1;3;0;0;0;0;0;0;0;0;5;0;0;0;0;2;0;0;0;0;0;0;2;0;0;163;0;0;0;0;0;5;0;12;76;8;0;2;0;0;0;0;10;0;0;0;7;1;0;0;1;0;0;0;0;0;0;0;0;0;7;2;0;0;0;0;0;0;1;0;7;0;3;0;0;1;0;0;0;0;0;6;0;0;1;1;0;0;0;0;0;0;0
SA1SP;SA1;Sanana;Llobregat;Spring;Eurheic;0;0;10;5;0;4;1;0;0;0;0;0;0;0;34;0;0;0;5;0;4;8;0;16;3;11;2;22;0;0;0;0;0;0;0;0;0;0;0;0;0;0;0;3;7;1;0;1;3;0;2;0;0;0;0;0;0;0;0;0;10;0;0;0;0;2;0;112;0;5;0;0;0;0;0;0;12;1;0;0;0;1;0;1;0;13;0;0;0;4;1;5;0;0;5;0;0;0;0;0;0;0;15;0;0;0;0;0;0;20;0;0;0;19;0;0;0;0;456;22;0;0;0;0;3;2;184;0;0;0;11;0;0;0;2;0;8;0;0;0;0;0;0;0;9;16;1;0;0;0;0;4;0;0;4;0;0;0;0;1;0;4;0;0;0;136;0;0;0;2;5;0;0;2;0;0;0
SA1SU;SA1;Sanana;Llobregat;Summer;Oligorheic;0;0;1;2;0;0;0;0;0;0;12;0;0;0;16;0;0;0;2;0;0;0;0;10;0;127;0;8;1;0;0;13;0;0;0;133;0;0;0;0;6;0;0;3;0;0;4;0;0;0;0;0;0;0;0;0;0;0;0;0;3;0;0;0;0;5;0;7;0;2;0;0;0;0;0;0;16;0;0;0;0;0;0;0;0;0;0;0;0;0;0;3;0;0;0;0;0;0;0;40;0;0;0;0;0;0;0;0;0;0;0;0;0;12;0;16;0;3;5;4;2;1;0;0;0;1;82;0;0;1;11;0;0;0;0;0;0;0;0;1;0;0;1;0;11;1;0;0;0;0;0;0;0;0;0;0;0;0;0;3;0;0;0;0;0;30;0;0;0;0;0;0;0;0;0;0;0
SA1A;SA1;Sanana;Llobregat;Autumn;Eurheic;0;0;1;15;0;0;0;0;0;0;0;0;0;0;18;0;0;0;8;0;1;4;0;164;3;5;0;0;0;0;0;4;0;0;0;48;0;0;1;0;0;0;0;6;0;0;0;1;0;0;0;0;1;0;1;0;0;0;0;0;0;0;0;0;0;1;0;3;0;2;0;0;0;0;0;0;0;1;0;0;0;0;0;0;5;0;0;0;0;0;0;0;0;0;0;0;0;0;0;1;0;0;0;0;0;0;0;0;0;376;0;0;0;1;0;19;2;1;165;12;4;0;0;0;0;0;9;1;0;8;3;0;0;0;0;0;0;0;0;0;0;0;0;0;1;0;0;0;0;0;0;0;0;0;183;0;1;1;0;2;0;0;0;1;0;24;0;0;4;0;2;0;0;0;0;0;0
SA2W;SA2;Sanana;Llobregat;Winter;Eurheic;0;0;0;6;1;2;3;0;0;0;0;0;0;0;90;1;0;0;0;0;0;11;0;66;3;7;11;0;0;0;0;0;1;0;0;8;20;0;5;0;0;1;0;28;0;0;0;0;0;0;0;0;0;0;1;0;0;0;0;0;0;0;0;0;0;0;12;0;0;5;1;0;0;0;36;0;12;0;1;0;0;0;0;0;31;30;0;0;0;0;1;0;0;0;21;0;0;0;0;4;0;0;1;0;0;0;11;0;0;153;0;0;0;0;0;0;0;30;38;26;6;7;0;0;0;1;28;0;0;0;34;0;0;0;0;0;37;0;0;0;0;0;0;0;12;35;0;0;0;0;0;0;5;0;47;0;14;0;0;0;0;0;0;1;0;62;0;0;4;0;0;0;0;0;0;0;0
SA2SP;SA2;Sanana;Llobregat;Spring;Eurheic;0;0;0;12;0;5;0;1;0;0;0;0;0;0;5;0;0;0;37;0;0;0;0;32;2;0;35;51;0;0;0;104;0;0;0;21;0;0;0;0;0;1;0;13;0;0;0;0;0;0;0;0;0;0;0;0;0;0;0;0;3;0;0;0;0;5;0;136;0;30;2;0;0;0;3;0;64;0;0;0;0;1;0;0;0;0;0;0;0;1;0;0;0;0;3;0;0;0;0;32;0;0;0;2;0;0;0;6;0;3;0;0;1;23;0;4;1;1;160;0;1;0;0;0;49;9;208;0;0;1;28;0;0;0;0;0;1;0;0;0;0;0;0;0;17;164;0;0;0;0;0;0;13;0;0;0;1;0;0;11;0;6;0;0;0;200;0;0;0;0;0;0;0;0;0;0;0
SA2SU;SA2;Sanana;Llobregat;Summer;Oligorheic;0;1;3;0;0;0;0;0;1;0;1;0;0;0;43;0;0;0;32;0;0;0;0;98;0;0;14;4;0;0;0;8;0;0;0;106;2;0;0;0;0;0;0;12;0;0;2;2;0;0;0;0;0;0;3;0;0;0;0;0;0;0;0;0;0;0;0;13;0;15;0;0;0;0;0;0;15;6;0;0;0;0;1;0;32;7;0;0;0;3;6;0;0;0;2;0;2;0;0;49;0;0;3;0;0;0;0;5;0;0;1;0;0;2;0;1;0;4;143;11;0;0;0;0;0;41;147;0;0;0;12;0;0;0;0;0;12;0;0;0;0;0;0;0;6;36;2;0;0;0;0;0;0;0;4;0;3;0;0;0;0;0;0;0;0;30;0;0;6;0;1;0;0;0;0;0;0
SA2A;SA2;Sanana;Llobregat;Autumn;Eurheic;0;0;0;2;0;0;0;0;0;0;0;0;0;0;0;0;0;0;5;0;0;1;0;28;0;0;0;0;0;0;0;7;0;0;0;31;2;0;0;0;0;0;0;40;0;0;0;1;0;0;0;0;0;0;0;0;0;0;0;0;0;0;0;0;0;0;0;0;0;2;0;0;0;0;0;0;2;0;0;0;0;0;0;0;1;0;0;0;0;0;0;0;0;0;0;0;0;0;0;6;0;0;0;0;0;0;0;1;0;8;0;0;0;0;0;13;0;0;59;0;1;0;0;0;0;1;16;0;0;1;0;0;0;0;0;0;0;0;0;0;0;0;0;0;1;5;0;0;0;0;0;0;1;0;3;0;2;0;0;2;0;0;0;1;0;22;0;0;2;0;0;0;0;0;0;0;0
SA3W;SA3;Sanana;Llobregat;Winter;Eurheic;0;0;0;1;0;0;0;0;0;0;0;0;0;0;26;0;0;0;0;0;0;0;0;5;2;0;0;0;0;0;0;0;0;0;0;0;0;0;2;0;0;0;0;0;0;1;0;0;0;0;0;0;7;0;7;0;0;0;0;0;0;0;0;0;0;0;2;0;0;0;0;0;0;0;10;0;7;1;0;0;0;0;0;0;44;0;0;0;0;0;0;0;0;0;0;0;0;0;0;220;0;0;0;0;0;0;0;0;0;402;0;0;0;0;0;0;0;3;80;0;5;0;0;0;0;0;16;0;0;0;4;0;0;0;0;0;0;0;0;0;0;0;0;0;4;0;2;0;0;0;0;0;0;0;76;0;1;0;0;0;0;0;0;0;0;32;0;0;0;1;0;0;0;0;0;15;0
SA3SP;SA3;Sanana;Llobregat;Spring;Eurheic;0;0;0;0;0;5;0;0;0;0;0;0;0;0;28;0;0;0;12;0;0;0;0;54;4;0;9;22;0;0;0;212;0;0;0;0;0;0;1;0;0;0;0;3;0;0;0;0;0;0;0;0;0;0;0;0;0;0;0;0;0;0;0;0;0;0;0;133;0;2;0;0;0;0;17;0;11;0;0;0;0;0;0;0;0;2;0;0;0;1;0;4;0;0;0;0;0;0;0;64;0;0;1;3;0;0;0;0;0;1;0;0;0;4;0;0;0;1;364;2;2;0;0;0;0;0;92;0;0;0;3;0;0;0;0;0;0;0;0;0;0;0;0;0;8;2;1;0;0;0;0;0;0;0;14;0;0;0;0;1;0;0;0;0;0;60;0;0;0;0;0;0;0;0;0;0;0
SA3SU;SA3;Sanana;Llobregat;Summer;Oligorheic;0;0;0;0;0;0;0;0;0;0;1;0;0;0;32;0;0;0;48;0;1;0;0;10;0;0;0;2;0;0;0;57;0;0;0;14;0;0;0;0;0;0;0;44;0;0;0;2;1;0;0;0;0;0;1;0;0;0;0;0;2;0;0;0;0;0;0;3;0;0;0;0;0;0;24;0;14;2;0;0;0;2;1;0;48;26;0;0;0;0;6;1;0;0;0;0;0;0;0;46;0;0;0;0;0;0;7;4;0;0;0;0;0;1;0;8;1;1;103;4;0;0;0;0;0;2;172;2;0;0;8;0;0;0;0;0;1;0;0;0;0;0;0;0;45;13;0;0;0;0;0;0;0;0;10;0;1;0;0;0;0;1;0;0;0;81;0;0;18;0;0;0;0;1;0;0;0
SA3A;SA3;Sanana;Llobregat;Autumn;Eurheic;0;0;0;0;0;0;0;0;0;0;0;0;0;0;2;0;0;0;1;0;0;0;0;21;0;0;0;0;0;0;0;0;0;0;0;4;0;0;0;0;0;0;0;2;0;0;0;1;0;0;0;0;0;0;0;0;0;0;0;0;0;0;0;0;0;0;0;0;0;0;0;0;0;0;1;0;0;0;0;0;0;0;0;0;0;0;0;0;0;0;0;0;0;0;0;0;0;0;0;0;0;0;1;0;0;0;0;0;0;13;0;0;0;0;0;0;0;0;20;0;0;0;0;0;0;0;2;0;0;2;0;0;0;0;0;0;0;0;0;0;0;0;0;0;0;0;1;0;1;0;0;0;0;0;3;0;0;0;0;0;0;0;0;0;0;5;0;0;0;0;0;0;0;1;0;0;0
SA4W;SA4;Sanana;Llobregat;Winter;Eurheic;0;0;1;0;0;1;0;0;0;0;0;0;0;0;28;0;0;0;52;0;0;0;0;9;1;0;2;0;0;0;0;0;0;0;0;0;0;0;0;0;0;0;0;152;0;0;0;1;0;0;0;0;2;0;0;0;0;0;0;0;0;0;0;0;0;0;0;0;0;0;0;0;0;0;11;0;5;4;0;0;0;0;0;0;38;1;0;0;0;0;0;0;0;0;0;0;0;0;0;0;0;0;1;0;0;0;0;0;0;208;0;0;0;2;0;0;0;1;82;0;9;0;0;0;3;1;28;0;0;0;7;0;0;0;0;1;0;0;0;0;0;0;0;0;4;0;0;0;0;0;0;0;0;0;12;0;0;0;0;0;0;0;0;1;1;62;0;0;3;0;0;0;0;0;0;4;0
SA4SP;SA4;Sanana;Llobregat;Spring;Oligorheic;0;0;0;0;0;0;0;0;1;0;0;0;0;0;42;0;0;0;19;1;0;0;0;19;3;0;13;10;0;0;0;136;0;0;0;12;1;0;0;0;3;0;0;23;1;0;0;1;4;0;0;0;0;0;0;0;0;0;0;0;16;0;1;0;0;1;0;36;0;3;0;0;0;0;3;0;12;0;0;0;0;6;0;0;6;3;0;0;0;11;0;6;0;0;0;0;0;0;0;16;0;0;0;4;0;0;0;1;0;5;0;0;0;16;0;3;0;4;312;0;22;0;0;0;0;0;184;1;0;0;3;0;0;0;0;0;0;0;0;0;0;0;0;0;9;2;0;0;0;0;0;0;1;0;90;0;0;0;0;2;0;4;0;0;0;240;0;0;2;1;0;0;0;0;0;0;0
SA4SU;SA4;Sanana;Llobregat;Summer;Arheic;0;0;2;0;0;0;0;0;0;0;0;0;0;0;0;0;0;0;34;0;0;0;0;312;0;0;19;0;0;0;0;8;0;0;0;478;0;0;0;0;1;0;0;236;0;0;0;0;0;0;0;0;0;0;0;0;0;5;0;0;1;0;0;0;0;0;0;0;0;0;0;0;0;0;0;0;0;0;0;0;0;1;0;0;1;0;0;0;0;0;0;0;0;0;0;0;0;0;0;38;0;0;0;0;0;0;0;1;0;0;0;0;0;1;0;0;12;6;52;0;11;0;0;0;0;0;92;0;0;0;0;0;0;0;1;0;0;0;0;584;0;0;0;0;4;0;0;0;0;0;0;0;0;0;3;0;0;0;0;1;0;0;0;0;0;82;0;0;2;0;0;0;0;0;0;0;0
SA4A;SA4;Sanana;Llobregat;Autumn;Eurheic;0;0;0;0;0;0;0;0;0;0;0;0;1;0;0;0;0;0;2;0;0;0;0;30;0;0;0;0;0;0;0;1;0;0;0;16;0;0;0;0;0;0;0;1;0;0;0;0;0;0;0;0;0;0;0;0;0;0;0;0;0;0;0;0;0;0;1;0;0;0;0;0;0;0;0;0;1;0;0;0;0;0;0;0;0;0;0;0;0;0;0;0;0;0;0;0;0;0;0;0;0;0;0;0;0;0;0;0;0;21;0;0;0;0;0;1;0;0;34;0;0;0;0;0;0;0;3;0;0;0;0;0;0;0;0;0;0;0;0;0;0;0;0;0;0;0;0;0;1;0;0;0;0;0;0;0;0;0;0;0;0;0;0;0;0;11;0;0;0;0;0;0;0;0;0;0;0
SA5W;SA5;Sanana;Llobregat;Winter;Eurheic;0;0;0;9;2;0;0;0;0;0;0;0;0;0;62;0;0;0;4;0;0;0;0;102;9;17;32;0;0;0;0;0;0;0;0;11;0;0;0;0;0;0;0;63;0;0;0;0;0;0;0;0;30;0;0;0;0;0;0;0;0;0;0;0;0;0;16;0;0;2;0;0;0;0;6;0;6;0;0;0;0;0;0;0;6;3;0;0;0;0;1;0;0;2;0;0;0;0;0;4;0;0;0;0;0;0;0;0;0;111;0;0;0;2;0;4;0;21;46;0;0;0;0;0;5;0;64;0;0;0;11;0;0;1;1;0;0;0;0;0;0;0;0;0;30;0;1;0;1;0;0;0;0;0;8;0;0;0;0;3;0;0;0;0;0;9;0;0;2;0;0;0;0;0;0;0;0
SA5SP;SA5;Sanana;Llobregat;Spring;Oligorheic;0;0;0;3;0;6;0;0;0;0;0;0;0;0;18;0;0;0;11;1;0;0;0;30;6;0;3;26;0;0;0;64;0;0;0;7;0;0;0;0;8;0;0;29;1;0;0;0;0;0;0;0;0;0;0;0;0;0;0;0;6;0;0;0;0;0;0;22;0;0;0;0;0;0;0;0;21;0;0;0;0;2;0;0;1;5;0;0;0;7;0;3;0;0;1;0;0;0;2;16;0;0;10;0;0;0;0;0;0;1;1;0;0;94;0;0;0;11;368;0;12;0;0;0;0;4;256;0;0;0;2;0;0;0;0;0;0;0;0;0;0;0;0;0;11;0;0;0;0;0;0;0;0;0;1;0;0;0;0;53;0;0;0;0;0;240;0;0;2;0;0;0;0;0;0;0;0
SA5SU;SA5;Sanana;Llobregat;Summer;Oligorheic;0;0;12;0;0;0;0;0;0;0;0;0;0;0;0;0;0;0;56;1;0;0;0;46;0;0;60;3;0;0;0;24;0;0;0;58;0;0;0;0;1;0;0;156;0;0;0;0;5;0;0;0;0;0;0;0;0;0;0;0;1;0;0;0;0;0;0;1;0;1;0;0;0;0;1;0;24;0;0;0;0;0;0;0;9;2;0;0;0;2;3;1;0;0;0;0;0;0;4;24;0;0;0;0;0;0;0;8;0;0;0;0;0;1;0;0;1;1;4;0;12;0;0;0;0;0;80;0;0;0;38;0;0;0;1;0;0;0;0;0;0;0;0;0;64;4;0;0;0;0;0;0;0;0;0;0;5;7;0;6;0;3;0;0;0;52;0;0;2;0;0;0;0;0;0;0;1
SA5A;SA5;Sanana;Llobregat;Autumn;Oligorheic;0;0;0;2;0;0;0;0;0;0;0;0;0;0;0;0;0;0;0;0;0;0;0;37;0;0;1;0;0;0;0;5;0;0;0;57;0;0;0;0;1;0;0;6;0;0;0;0;1;0;0;0;0;0;0;0;0;0;0;0;0;0;0;0;0;1;1;0;0;1;0;0;0;0;0;0;0;1;0;0;0;0;0;0;0;0;0;0;0;0;0;0;0;0;0;0;0;0;0;0;0;0;0;0;0;0;0;0;0;10;0;0;0;1;0;0;0;0;26;0;2;0;0;0;0;0;2;0;0;0;3;0;0;0;0;0;0;0;0;0;0;0;0;0;0;0;0;0;0;0;0;0;0;0;0;0;0;0;0;2;0;0;0;0;0;11;0;0;0;0;0;0;0;0;0;0;0
SC1W;SC1;Santa_Creu;Llobregat;Winter;Oligorheic;0;0;2;12;0;0;0;0;0;0;0;0;0;0;9;0;0;6;96;0;0;0;0;202;0;0;0;0;0;3;0;334;0;0;0;350;28;0;0;6;0;29;0;144;0;0;0;0;0;0;0;0;0;0;0;0;0;0;0;0;0;0;0;0;0;15;0;4;0;0;0;0;0;0;1;0;4;0;0;0;1;0;0;0;0;0;0;0;0;0;0;0;0;0;15;0;0;0;0;130;0;1;7;0;0;0;0;0;0;4;0;0;0;2;0;120;0;21;134;0;3;0;0;0;1;0;111;0;0;0;24;1;0;0;0;0;0;0;0;0;0;0;0;0;0;0;0;0;0;0;0;0;0;0;1;0;0;0;0;0;0;0;0;0;0;798;0;0;0;5;0;9;0;0;0;0;0
SC1SP;SC1;Santa_Creu;Llobregat;Spring;Arheic;0;0;0;0;0;0;0;0;0;0;0;0;0;0;0;0;0;1;22;4;0;0;0;0;0;0;0;0;0;0;0;7;0;0;0;0;0;0;0;0;1;0;0;10;0;0;0;0;2;0;0;0;0;0;0;0;0;0;1;0;3;0;0;0;0;7;0;0;0;0;0;0;0;0;0;0;0;0;0;0;0;3;0;0;0;0;0;0;0;27;0;0;0;0;0;0;0;4;8;7;0;0;1;0;1;0;0;0;0;0;0;1;0;4;0;696;0;0;13;0;4;0;0;0;0;0;0;0;0;0;30;0;0;0;0;0;0;0;0;0;0;0;0;0;1;5;0;0;0;0;0;0;0;0;0;0;0;0;0;4;0;0;0;0;11;5;0;0;0;6;0;0;0;0;0;0;0
SC1A;SC1;Santa_Creu;Llobregat;Autumn;Arheic;0;0;0;0;0;0;0;0;0;0;0;0;0;0;2;0;0;0;0;0;0;0;0;4;0;0;0;0;0;0;0;43;0;0;0;0;0;0;0;0;0;0;0;0;0;0;0;0;0;0;0;0;0;0;0;0;0;0;0;0;0;0;0;0;0;0;0;0;0;0;0;0;0;0;0;0;0;0;0;0;0;0;0;0;0;0;0;0;0;0;0;0;0;0;0;0;0;0;0;3;0;0;0;0;0;0;0;0;0;0;0;0;0;0;0;0;0;0;5;0;0;0;0;0;0;0;0;0;0;0;0;0;0;0;0;0;0;0;0;0;0;0;0;0;0;0;0;0;0;0;0;0;0;0;0;0;0;0;0;0;0;0;0;0;0;3;0;0;0;0;0;0;0;0;0;0;0
SC2W;SC2;Santa_Creu;Llobregat;Winter;Oligorheic;0;0;0;13;0;0;0;0;0;0;0;0;0;0;21;0;0;0;0;0;0;0;0;134;0;0;0;0;0;1;0;1;0;0;0;39;0;0;0;0;0;0;0;1;0;2;0;0;0;0;0;0;0;0;0;0;0;0;0;0;0;0;0;0;0;0;0;0;0;0;0;0;0;0;1;0;4;0;0;0;0;0;0;0;3;0;0;0;0;2;0;0;0;0;10;0;0;0;0;0;0;1;0;0;0;0;0;0;0;9;0;0;0;0;1;0;0;5;151;0;2;0;0;0;0;0;25;0;0;0;3;0;0;0;0;0;0;0;0;5;0;0;0;0;3;1;0;0;0;0;0;0;0;0;1;0;0;0;0;0;0;0;0;2;2;17;0;0;1;3;0;45;0;0;0;0;0
SC2SP;SC2;Santa_Creu;Llobregat;Spring;Arheic;0;0;0;1;0;0;0;0;0;0;0;0;0;0;0;0;0;0;7;6;0;0;0;4;0;0;0;0;0;0;0;0;0;0;0;2;0;0;0;0;0;0;0;0;0;0;0;0;0;0;0;0;0;0;0;0;0;0;0;0;0;0;0;0;0;0;0;0;0;0;0;0;0;1;0;1;0;0;0;0;0;0;0;0;0;0;0;0;0;1;0;0;0;0;0;0;0;0;0;0;0;0;0;2;0;0;0;0;0;0;1;0;0;0;0;0;0;0;19;0;0;0;0;0;0;0;1;0;0;0;3;0;0;0;0;0;0;0;0;0;0;0;0;0;0;2;0;0;0;0;0;0;0;0;0;0;0;0;0;0;0;0;0;0;1;0;0;0;0;0;0;0;0;0;0;0;0
SC2A;SC2;Santa_Creu;Llobregat;Autumn;Arheic;0;0;0;0;0;0;0;0;0;0;0;0;0;0;6;0;0;0;0;0;0;0;0;20;0;0;0;0;0;0;0;1;0;0;0;5;0;0;0;0;0;0;0;0;0;0;0;0;0;0;0;0;0;0;0;0;0;0;0;0;0;0;0;0;0;0;0;0;0;0;0;0;0;0;0;0;0;0;0;0;0;0;0;0;0;0;0;0;0;0;0;0;0;0;3;0;0;0;0;0;0;0;0;0;0;0;0;0;0;2;0;0;0;0;0;0;0;0;10;0;0;0;0;0;0;0;0;0;0;0;0;0;0;0;0;0;0;0;0;0;0;0;0;0;0;0;0;0;0;0;0;0;0;0;11;0;0;0;0;0;0;0;0;0;0;11;0;0;0;0;0;0;0;0;0;0;0
SC3W;SC3;Santa_Creu;Llobregat;Winter;Oligorheic;0;0;0;14;0;0;0;1;0;0;0;0;0;0;64;0;0;0;32;0;0;0;0;168;0;0;2;0;0;1;0;18;0;0;0;75;3;0;0;2;0;0;0;254;0;3;0;0;5;0;0;0;0;0;0;0;0;0;0;0;0;0;0;0;0;0;0;6;0;0;0;0;0;0;0;0;5;0;5;0;0;0;0;0;2;6;0;0;0;1;0;0;0;0;100;0;0;0;3;1;0;15;0;0;0;0;0;0;0;42;0;0;0;1;0;0;0;14;259;0;3;0;0;0;0;0;88;0;0;0;30;0;0;0;0;0;0;0;0;3;0;0;0;0;1;11;0;0;0;0;0;0;0;0;37;0;1;0;0;5;0;0;1;1;0;50;0;0;6;18;0;1;0;0;0;0;0
SC3SP;SC3;Santa_Creu;Llobregat;Spring;Arheic;0;0;0;0;0;0;0;0;0;0;0;0;0;0;0;0;0;0;1;2;0;0;0;106;0;0;0;2;0;0;0;6;0;0;0;114;0;0;0;0;2;1;0;9;0;0;0;0;1;0;0;0;0;0;0;0;0;0;0;0;0;0;0;0;0;0;0;0;0;0;0;0;10;0;0;0;0;0;0;0;0;0;0;0;0;0;0;0;0;0;0;0;0;0;0;0;0;0;0;24;0;0;0;0;0;0;0;0;0;0;2;0;0;8;0;0;0;0;19;0;0;0;0;0;0;0;22;0;0;0;4;0;0;1;0;0;0;0;0;0;0;0;0;0;0;6;0;0;0;0;0;0;0;0;0;0;0;0;0;0;5;23;0;0;0;11;0;0;0;1;0;0;0;0;0;0;0
SC3SU;SC3;Santa_Creu;Llobregat;Summer;Arheic;0;0;0;0;0;0;0;0;0;0;0;0;0;0;0;0;0;0;46;0;0;0;0;58;0;0;0;0;0;0;0;5;0;0;0;31;0;0;0;0;0;10;0;52;0;0;0;0;2;0;0;0;0;0;0;0;0;0;0;0;0;0;0;0;0;0;0;0;0;0;0;0;2;0;0;0;2;0;0;0;0;0;0;0;0;0;0;0;0;5;0;0;0;0;0;0;0;0;0;80;0;0;0;0;0;0;0;0;0;0;3;0;0;0;0;15;0;0;1;0;7;0;0;0;0;0;18;0;0;0;0;0;0;0;0;0;0;0;0;0;0;0;0;0;2;0;0;0;0;0;0;0;0;0;0;0;0;0;0;1;1;5;0;0;1;28;0;0;0;0;0;0;0;0;0;0;0
SC3A;SC3;Santa_Creu;Llobregat;Autumn;Arheic;0;0;0;0;0;0;0;0;0;0;0;0;0;0;0;0;0;0;0;0;0;0;0;0;0;0;0;0;0;0;0;35;0;0;0;0;0;0;0;0;0;0;0;0;0;0;0;0;0;0;0;0;0;0;0;0;0;0;0;0;0;0;0;0;0;0;0;0;0;0;0;0;0;0;0;0;0;0;0;0;0;0;0;0;0;0;0;0;0;0;0;0;0;0;0;0;0;0;0;1;0;0;0;0;0;0;0;0;0;0;0;0;0;1;0;0;0;0;6;0;0;0;0;0;0;0;2;0;0;0;0;0;0;0;0;0;0;0;0;0;0;0;0;0;0;0;0;0;0;0;0;0;0;0;1;0;0;0;0;0;0;0;45;0;0;7;0;0;0;0;0;0;0;0;0;0;0
SC4W;SC4;Santa_Creu;Llobregat;Winter;Oligorheic;0;0;1;22;0;0;0;0;0;0;0;0;2;0;71;0;0;1;128;0;0;0;0;256;0;0;15;0;0;5;0;27;0;0;5;176;10;0;0;43;0;24;0;19;0;0;0;0;0;0;0;0;0;0;0;0;0;0;0;4;0;0;0;0;0;7;0;137;0;1;0;0;0;0;1;0;17;0;0;0;0;0;0;0;1;8;0;0;0;0;0;0;0;0;117;0;0;0;1;6;1;2;0;0;0;0;0;0;0;85;0;43;0;5;0;0;0;50;240;0;1;0;0;0;1;0;57;0;0;0;9;0;0;0;0;1;0;0;0;0;0;0;0;0;20;4;0;0;0;0;0;0;0;0;48;0;5;0;0;22;0;0;0;1;1;415;0;0;2;2;0;4;0;0;0;0;0
SC4SP;SC4;Santa_Creu;Llobregat;Spring;Arheic;0;0;6;2;1;0;0;0;0;0;4;0;0;0;4;0;0;1;3;0;0;0;0;17;0;0;0;33;0;0;0;134;0;0;0;35;0;0;0;3;68;14;4;0;0;0;0;19;3;0;0;0;0;0;0;0;0;0;0;0;10;0;0;1;0;7;0;26;0;1;0;0;0;0;0;0;4;0;0;0;0;1;1;0;0;0;0;1;0;14;0;0;0;0;0;0;0;0;0;27;0;0;0;0;0;0;0;0;0;0;0;0;0;25;0;0;0;0;166;0;0;0;0;0;0;0;80;0;0;0;2;0;0;0;0;0;0;0;0;0;0;0;0;0;4;2;0;0;0;0;0;0;0;0;1;0;0;0;0;47;0;0;0;0;0;38;0;0;0;3;0;0;0;0;0;0;0
SC4SU;SC4;Santa_Creu;Llobregat;Summer;Arheic;0;0;30;0;0;5;0;0;0;0;0;0;0;0;0;0;0;3;124;0;0;0;0;326;0;0;42;2;0;0;0;56;0;0;0;150;0;0;1;0;0;5;0;1144;0;0;0;1;2;0;0;0;0;0;0;0;0;0;0;0;0;0;0;0;0;3;0;0;0;1;0;0;1;0;0;0;3;1;0;0;0;0;0;0;0;0;0;0;0;0;0;0;0;0;0;0;0;0;0;166;0;0;0;0;0;0;0;0;0;0;0;0;0;2;0;0;0;3;8;0;2;0;0;0;0;0;168;0;0;0;2;0;2;0;0;0;0;0;0;0;0;0;0;0;82;8;0;0;0;0;0;0;0;0;0;0;0;0;0;3;1;5;0;5;0;92;0;0;2;0;0;0;0;0;0;0;1
SC4A;SC4;Santa_Creu;Llobregat;Autumn;Arheic;0;0;0;0;0;0;0;0;0;0;0;0;0;0;7;0;0;0;0;0;0;0;0;6;0;0;0;0;0;0;0;60;0;0;0;0;0;0;0;0;0;1;0;2;0;0;0;0;0;0;0;0;0;0;0;0;0;0;0;0;0;0;0;0;0;2;0;0;0;0;0;0;0;0;0;0;0;0;0;0;0;0;0;0;0;0;0;0;0;0;0;0;0;0;2;0;0;0;0;0;0;0;0;0;0;0;0;0;0;0;0;0;0;1;0;0;0;0;35;0;1;0;0;0;0;0;5;0;0;0;0;0;0;0;0;0;0;0;0;0;0;0;0;0;0;0;0;0;0;0;0;0;0;0;2;0;0;0;0;0;0;0;0;0;0;25;0;0;0;0;0;0;0;0;0;0;0
T1W;T1;Talamanca;Llobregat;Winter;Eurheic;0;0;0;1;0;0;0;0;0;0;0;0;0;0;24;3;0;0;52;0;0;1;0;168;0;0;0;0;0;6;0;0;0;0;0;0;0;0;0;0;0;1;0;16;0;0;0;0;0;0;0;0;0;0;5;0;1;0;4;0;0;0;0;0;0;0;0;6;0;0;0;0;0;0;206;0;82;0;0;0;0;0;0;0;30;38;0;0;0;1;0;0;0;0;3;0;0;0;5;0;0;0;0;0;0;0;2;0;0;180;0;0;0;0;0;20;2;5;788;1;7;0;0;2;0;0;28;1;0;0;2;0;0;0;0;0;0;0;0;0;0;0;0;0;0;0;0;1;0;0;0;0;0;0;16;0;1;30;0;0;0;0;0;2;0;52;0;0;12;9;1;0;1;0;0;0;0
T1SP;T1;Talamanca;Llobregat;Spring;Oligorheic;0;0;0;2;0;0;0;0;0;10;0;0;0;0;38;1;0;0;38;0;0;0;0;32;0;0;0;1;0;0;0;296;0;0;0;0;0;0;0;0;1;0;0;2;0;1;1;0;0;0;0;0;0;0;0;0;0;0;0;0;55;0;0;0;0;0;0;15;0;0;0;0;0;0;2;0;0;0;0;0;0;7;0;0;0;5;0;0;0;9;0;0;0;0;0;0;0;0;2;80;0;0;0;0;0;0;0;0;0;0;0;0;0;3;0;0;1;0;152;1;7;2;0;0;0;0;104;0;0;0;3;0;0;0;0;0;0;0;0;27;0;0;1;0;0;1;0;0;0;0;0;0;0;0;4;0;0;6;0;0;0;1;0;0;0;560;0;0;6;1;1;0;0;4;0;0;0
T1SU;T1;Talamanca;Llobregat;Summer;Oligorheic;0;0;0;2;5;0;0;0;2;2;0;0;4;0;48;1;0;0;162;0;0;0;0;206;0;0;6;0;0;0;0;144;0;0;0;111;0;0;0;0;18;0;0;255;0;0;0;2;6;0;0;0;0;5;2;0;2;0;0;4;8;0;0;4;0;0;0;0;0;3;0;0;0;0;0;0;14;6;0;0;0;7;0;0;25;23;0;0;0;22;0;0;0;0;0;0;0;0;0;123;0;0;1;0;0;0;3;1;0;0;0;0;0;3;0;134;4;12;49;8;168;4;0;0;0;0;319;1;0;0;34;0;0;0;3;0;0;1;0;100;0;0;0;1;0;11;0;0;0;0;0;0;1;0;2;0;3;21;0;0;0;5;0;1;1;391;0;0;33;1;1;0;0;0;2;0;10
T1A;T1;Talamanca;Llobregat;Autumn;Eurheic;0;0;0;1;0;0;0;0;0;0;0;0;0;0;0;0;0;0;7;0;0;0;0;20;0;0;0;0;0;0;0;0;0;0;0;13;0;0;0;0;0;0;0;14;0;0;0;8;1;0;0;0;0;1;0;0;0;0;0;0;0;0;0;0;0;0;0;0;0;0;0;0;0;0;2;0;0;2;0;0;0;0;0;0;0;1;0;0;0;0;0;0;1;0;3;1;0;0;0;0;0;0;0;0;0;0;0;0;0;85;0;0;0;0;0;0;0;0;170;0;4;0;0;0;0;0;6;1;0;1;0;0;0;0;0;0;0;0;0;0;0;0;0;0;0;0;0;0;0;0;0;0;0;0;37;0;0;0;0;0;0;0;0;0;0;12;0;0;4;0;0;0;0;1;0;0;0
T2W;T2;Talamanca;Llobregat;Winter;Eurheic;0;0;0;5;0;0;0;0;0;0;0;0;0;0;20;0;0;0;44;0;0;0;0;136;0;0;0;0;0;2;0;64;0;0;0;0;0;0;0;0;0;20;0;84;0;2;0;0;1;0;0;0;0;0;0;0;0;0;1;0;0;0;0;0;0;0;0;0;0;12;0;0;0;0;1;0;2;0;2;0;0;0;0;0;0;0;0;0;0;7;0;0;0;3;0;0;0;0;14;24;0;4;2;0;0;0;2;0;0;232;0;0;0;1;0;9;4;8;88;0;12;0;0;0;1;0;76;0;0;0;6;0;0;0;0;0;0;0;5;0;1;0;0;0;0;0;0;0;0;0;0;0;1;0;30;0;0;0;0;0;0;0;0;0;0;76;0;0;0;3;0;0;0;0;0;0;0
T2SP;T2;Talamanca;Llobregat;Spring;Oligorheic;0;0;0;1;0;1;0;0;0;12;0;0;0;0;0;0;0;0;28;0;0;0;0;90;0;0;0;2;0;0;0;155;0;0;0;0;0;0;0;0;0;2;0;10;0;0;2;1;1;0;0;0;0;0;0;0;0;0;0;0;11;0;0;0;0;0;0;17;0;0;0;0;0;0;3;0;2;0;0;0;0;1;0;0;0;0;0;0;0;88;0;0;0;0;0;0;0;0;3;91;0;0;1;0;0;0;0;0;0;0;0;0;0;10;1;0;4;0;26;3;2;0;0;0;0;0;214;0;0;0;6;0;0;0;0;0;0;0;0;76;0;0;0;0;0;1;0;0;0;0;0;0;0;0;0;0;0;0;0;0;0;8;0;0;0;528;0;0;4;1;1;0;0;0;0;0;0
T2A;T2;Talamanca;Llobregat;Autumn;Oligorheic;0;0;0;0;0;0;0;0;0;0;0;0;0;0;1;0;0;0;0;0;0;0;0;2;0;0;0;0;0;0;0;7;0;0;0;10;0;0;0;0;0;0;0;4;0;0;0;0;0;0;0;0;0;0;0;0;0;0;0;0;0;0;0;0;0;0;0;0;0;0;0;0;0;0;0;0;0;0;0;0;0;0;0;0;0;0;0;0;0;0;0;0;0;0;0;0;0;0;0;3;0;0;0;0;0;0;0;0;0;1;0;0;0;0;0;1;0;0;21;0;0;0;0;0;0;0;1;0;0;0;0;0;0;0;0;0;0;0;0;0;0;0;0;0;0;0;0;0;0;0;0;0;0;0;1;0;0;0;0;0;0;0;0;0;0;3;0;0;0;1;0;0;0;0;0;0;0
T3W;T3;Talamanca;Llobregat;Winter;Eurheic;0;0;0;16;0;0;0;1;0;0;0;0;0;0;0;0;0;0;32;0;0;0;0;52;0;0;0;0;0;1;0;0;0;0;1;12;0;0;0;0;0;0;0;84;0;5;0;0;1;0;0;0;0;0;0;0;0;0;0;0;0;0;0;0;0;0;0;12;0;0;0;0;0;0;0;0;4;0;0;0;0;1;0;0;0;0;0;0;0;0;0;0;0;5;0;0;0;1;0;0;0;0;0;0;1;0;0;0;0;184;0;0;0;4;0;12;7;0;288;0;4;0;0;0;0;0;6;0;0;0;5;0;0;0;0;0;0;0;3;0;0;0;0;0;0;0;0;0;0;0;0;0;0;0;6;0;0;0;0;0;0;0;0;1;0;4;0;0;7;4;0;0;0;1;0;0;0
T3SP;T3;Talamanca;Llobregat;Spring;Eurheic;0;0;0;0;0;0;0;0;0;0;0;0;0;0;162;0;0;0;5;12;0;0;0;54;0;0;0;3;0;0;0;435;0;0;0;0;0;0;0;0;1;2;0;8;0;0;0;1;0;0;0;0;0;0;0;0;0;0;0;0;1;0;0;0;0;2;0;57;0;0;0;0;0;0;0;0;128;0;0;0;0;0;0;0;0;6;0;0;0;37;0;0;0;0;0;0;0;0;0;51;0;0;0;0;0;0;0;0;0;0;0;0;0;3;0;1;2;1;729;1;14;0;0;0;0;0;230;0;0;0;34;0;0;0;0;0;0;0;0;36;0;0;0;0;0;1;0;0;0;0;0;0;0;0;87;0;0;0;0;0;0;4;0;0;0;1088;0;0;2;0;2;0;0;3;0;0;0
T3SU;T3;Talamanca;Llobregat;Summer;Arheic;0;0;0;0;0;0;0;0;0;0;0;0;0;0;0;0;0;0;21;0;0;0;0;444;0;0;0;0;0;0;0;3;0;0;0;45;0;0;0;0;1;0;0;62;0;0;0;0;1;0;0;0;0;0;0;0;0;0;0;0;0;0;0;0;0;0;0;0;0;0;0;0;0;0;0;0;1;0;0;0;1;0;0;0;0;0;0;0;0;0;0;0;0;0;0;0;0;0;0;8;0;0;1;0;0;0;0;0;0;0;0;0;0;5;0;0;3;0;9;0;1;0;0;0;0;0;4;0;0;0;2;0;0;0;0;0;0;0;0;35;0;0;0;0;0;0;0;0;0;0;0;0;0;0;0;0;0;0;0;0;0;0;0;0;0;5;0;0;0;0;0;0;0;0;0;0;0
T3A;T3;Talamanca;Llobregat;Autumn;Oligorheic;0;0;0;0;0;0;0;0;0;0;0;0;0;0;0;0;0;0;0;0;0;0;0;2;0;0;0;0;0;0;0;0;0;0;0;30;0;0;0;0;0;0;5;52;0;0;0;0;1;0;0;0;0;0;0;0;0;0;0;0;0;0;0;0;0;0;0;0;0;0;0;0;0;0;0;0;0;0;0;0;0;0;0;0;0;0;0;0;0;0;0;0;0;0;1;0;0;0;0;0;0;0;0;0;0;0;0;0;0;34;0;0;0;0;0;5;0;0;81;0;0;0;0;0;0;0;3;0;0;0;2;0;0;0;0;0;0;0;0;0;0;0;0;0;0;0;0;0;0;0;0;0;0;0;0;0;0;0;0;0;0;0;0;0;0;2;0;0;0;0;0;0;0;0;0;0;0
T4W;T4;Talamanca;Llobregat;Winter;Eurheic;0;0;0;2;0;0;0;0;0;0;0;0;0;0;4;0;0;0;6;0;0;0;0;50;0;0;0;0;0;0;0;56;0;0;0;12;0;0;0;0;0;14;0;6;0;0;0;0;0;0;0;0;0;0;0;0;0;0;1;0;0;0;0;0;0;0;0;6;0;0;0;0;0;0;2;0;0;0;0;0;0;0;0;0;0;0;0;0;0;0;0;0;0;5;0;0;0;0;0;12;0;0;1;0;0;0;2;0;0;144;0;0;0;0;0;12;0;5;144;0;0;0;0;0;0;0;12;0;0;0;6;0;0;0;0;0;0;0;1;0;0;0;0;0;0;0;0;0;0;0;0;0;0;0;28;0;0;0;0;0;0;0;0;1;0;52;0;0;0;2;0;0;0;0;0;0;0
T4SP;T4;Talamanca;Llobregat;Spring;Oligorheic;0;0;2;4;0;0;0;0;0;0;0;0;0;0;0;0;0;0;18;2;0;0;0;30;0;0;0;96;0;0;0;20;0;0;0;0;0;0;0;0;13;2;0;12;0;0;0;0;2;0;0;0;0;0;0;0;0;0;0;0;2;0;0;1;0;1;0;409;0;0;0;0;0;0;0;0;0;0;0;0;0;0;0;0;0;0;0;0;0;61;0;0;0;0;0;0;0;0;6;2;0;0;0;0;0;0;6;0;0;0;0;0;0;13;0;0;6;0;50;0;1;0;0;0;0;0;58;0;0;0;9;0;0;0;0;0;0;0;1;7;0;0;0;0;0;2;0;0;0;0;0;0;0;0;0;0;0;0;0;1;0;9;0;0;0;68;13;0;0;1;0;0;0;0;0;0;0
T4SU;T4;Talamanca;Llobregat;Summer;Arheic;0;0;0;0;0;0;0;0;0;0;0;0;0;0;0;0;0;0;85;0;0;0;0;1246;0;0;0;0;0;0;0;0;0;0;0;60;0;0;0;0;0;0;0;750;0;0;0;0;0;0;0;0;0;0;0;0;0;0;0;0;4;0;0;0;0;0;0;0;0;0;0;0;0;0;0;0;0;0;0;0;0;1;0;0;0;0;0;0;0;0;0;0;0;0;0;0;0;0;0;413;0;0;3;0;0;0;0;0;0;0;1;0;0;4;0;0;7;1;445;0;1;0;0;0;0;0;639;0;0;0;2;0;0;0;0;0;0;0;0;146;0;0;0;0;0;0;0;0;0;0;0;0;0;0;0;0;0;0;0;0;0;1;0;0;0;2257;0;0;0;0;0;0;0;0;0;0;1
T4A;T4;Talamanca;Llobregat;Autumn;Oligorheic;0;0;0;0;0;0;0;0;0;0;0;0;0;0;0;0;0;0;5;0;0;0;0;2;0;0;0;0;0;0;0;2;0;0;0;19;0;0;0;0;0;0;0;0;0;0;0;0;0;0;0;0;0;0;0;0;0;0;0;0;0;0;0;0;0;0;0;0;0;0;0;0;0;0;0;0;1;0;0;0;0;0;0;0;0;0;0;0;0;0;0;0;0;0;1;0;0;0;0;0;0;0;0;0;0;0;0;0;0;28;0;0;0;0;0;1;0;0;102;0;0;0;0;0;0;0;3;0;0;0;1;0;0;0;0;0;0;0;0;0;0;0;0;0;0;0;0;0;0;0;0;0;0;0;0;0;0;0;0;0;0;0;0;0;0;4;0;0;0;1;0;0;0;0;0;0;0
