Order;Family;Genus;Taxa;TA4SP;TA3SU;TA3SP;TA2SP;TA1SU;TA1SP;SC4SU;SC4SP;SC3SU;SC3SP;SC2SP;SC1SP;SA5SU;SA5SP;SA4SP;SA3SU;SA3SP;SA2SU;SA2SP;SA1SU;SA1SP;R4SU;R4SP;MU4SU;MU4SP;MU3SU;MU3SP;MU2SU;MU2SP;MU1SP;H5SU;H3SU;H2SU;H1SU;CA4SP;CA3SU;CA3SP;CA2SU;CA1SU;CA1SP
Ephemeroptera;Caenidae;Caenis;Caenis;0;356133;0;105;4972;0;63304;109;4061;194;141;98;15928;0;0;0;27573;0;0;0;0;0;2087;79527;0;0;0;0;0;0;0;0;0;1735;1111;46095;0;64890;46563;373
Ephemeroptera;Leptophlebiidae;;Leptophlebiidae;1101;0;18;11381;0;0;0;1877;0;17;9;10;7088;422;144;266;29042;0;7093;0;377;0;384;213;0;125;663;0;82;71;0;136950;11086;30242;361;73771;4854;10515;0;3509
Odonata;Lestidae;Chalcolestes;Chalcolestes viridis;18;0;1;0;0;2;22;0;0;0;0;0;0;1;1;10549;13;0;12;128;1;4;0;44;0;1069;0;0;1;0;35974;8314;35286;26666;0;214;0;9779;0;0
Odonata;Libellulidae;Sympetrum;Sympetrum striolatum;24;0;0;67;1001;88;31619;0;0;31493;0;1;6846;0;4;1242;0;0;20;1;1;0;1148;34495;0;3268;0;0;0;0;0;251;27007;3405;0;4376;0;8046;0;32
Odonata;Aeshnidae;Aeshna;Aeshna cyanea;0;0;0;0;0;0;0;0;0;0;0;0;0;0;0;0;0;0;0;4;15625;0;0;0;0;0;0;0;0;0;0;0;22717;1177;6796;38;8;80904;26;0
Coleoptera;Gyrinidae;Gyrinus;Gyrinus urinator;0;0;0;0;0;0;0;84664;0;0;2;0;0;0;0;0;0;0;0;0;0;0;0;0;0;0;0;1;0;0;0;0;0;0;0;0;0;0;0;0
Odonata;Aeshnidae;Aeshna;Aeshna cyanea;0;0;0;0;0;0;140;213;0;0;0;0;29075;4;0;0;0;0;0;1;0;117;0;0;0;0;0;0;0;0;56878;0;5086;3432;1;0;0;0;0;0
Ephemeroptera;Baetidae;Cloeon;Cloeon dipterum;0;0;0;0;0;0;0;65603;0;0;3;0;0;0;0;0;0;0;0;0;0;0;0;0;0;0;0;0;0;0;0;0;0;0;0;0;0;0;0;0
Odonata;Lestidae;Sympecma;Sympecma fusca;0;0;0;0;0;0;0;0;0;0;0;0;0;0;0;0;0;0;0;0;0;0;0;64490;0;0;0;0;0;0;0;0;0;0;0;0;0;0;0;0
Diptera;Stratiomyidae;Stratiomys;Stratiomys longicornis;0;0;0;0;0;0;0;0;58635;1047;23;25;0;0;0;0;0;0;0;0;0;0;0;0;0;0;0;0;0;0;0;0;0;0;0;0;0;0;0;0
Hemiptera;Notonectidae;Notonecta;Notonecta maculata;0;334;0;16;3;0;384;1083;0;25416;10;16;0;9162;57;0;24;0;18;54;68;792;771;0;0;255;0;0;0;0;0;207;1178;28;4;181;34;0;0;0
Coleoptera;Hydrophilidae;Hydrophilus;Hydrophilus;0;0;0;0;0;0;0;0;0;0;0;0;0;0;0;33460;0;0;0;0;0;0;0;0;0;0;0;0;0;0;0;0;0;0;0;0;0;0;0;0
Odonata;Libellulidae;Sympetrum;Sympetrum striolatum;0;0;0;0;0;0;0;0;0;0;0;0;0;0;0;0;0;0;0;0;0;0;0;32977;0;1;0;0;0;0;0;0;14;0;0;0;0;0;0;0
Hemiptera;Nepidae;Nepa;Nepa cinerea;0;0;0;0;0;0;0;0;1720;10565;0;0;0;0;0;0;0;0;0;0;0;160;0;7490;151;725;0;0;17;0;0;683;0;267;0;0;0;0;0;0
;Physidae;Physella;Physella acuta;0;0;0;0;0;0;0;0;0;0;0;0;24488;17;0;0;6;0;298;6;13;0;0;0;0;0;0;0;0;0;0;26;0;0;0;321;0;0;49;4
Odonata;Platycnemididae;Platycnemis;Platycnemis pennipes;0;0;0;0;0;0;0;0;0;0;0;0;70;0;22;0;0;0;0;1;0;0;0;0;0;0;0;0;0;0;0;0;0;0;2;15;0;27065;0;0
Diptera;Culicidae;Culiseta;Culiseta longiareolata;0;0;0;0;0;0;0;0;0;0;0;0;0;0;0;0;0;0;0;0;0;0;0;0;0;0;0;0;0;0;0;0;43;0;0;0;0;0;0;0
Odonata;Calopterygidae;Calopteryx;Calopteryx haemorrhoidalis;0;0;0;0;0;0;0;0;0;0;0;0;0;12;15;0;78;0;3;0;3;0;0;0;0;0;0;0;0;0;0;2115;0;18231;0;0;0;0;0;0
Odonata;Aeshnidae;Anax;Anax imperator;0;0;0;0;0;0;0;0;0;0;0;0;21282;0;0;0;0;0;0;0;0;0;0;0;0;0;0;0;0;0;0;0;0;0;1;0;0;0;0;0
Odonata;Cordulegastridae;Cordulegaster;Cordulegaster boltonii;0;0;0;0;0;0;0;0;0;0;0;0;0;0;0;0;0;0;0;0;0;0;6;191;0;1;0;103;0;0;0;0;0;0;23;0;22144;0;0;0
Hemiptera;Gerridae;Aquarius;Aquarius najas;0;0;0;102;9;4;0;0;0;0;0;0;0;0;0;0;0;0;0;1;0;0;0;0;0;0;0;0;0;0;0;0;0;0;2;6121;0;5221;0;0
Odonata;Libellulidae;Sympetrum;Sympetrum striolatum;0;0;8;0;632;13;672;0;0;14048;0;0;250;0;0;25;0;0;0;0;0;0;464;1460;0;99;0;0;0;0;0;26;688;239;0;34;12;258;0;36
Hemiptera;Gerridae;Aquarius;Aquarius najas;0;0;0;11493;193;0;0;0;0;0;0;0;0;0;0;0;0;0;0;0;0;0;0;0;0;0;0;0;0;0;0;0;0;0;0;0;0;0;0;0
Diptera;Stratiomyidae;;Stratiomyidae;0;0;0;0;0;0;0;0;0;0;0;0;0;0;0;0;0;0;0;0;0;0;0;0;1;0;18913;0;0;0;0;0;0;0;0;0;0;0;0;0
Odonata;Gomphidae;Gomphus;Gomphus pulchellus;0;0;0;0;1;0;0;0;0;0;0;0;0;0;0;0;0;0;0;0;0;0;0;0;0;0;0;0;0;0;0;0;0;0;19;0;0;0;0;0
Ephemeroptera;Caenidae;Caenis;Caenis luctuosa;0;10549;0;300;0;0;0;0;0;6;0;0;0;0;0;0;3715;0;0;0;0;0;0;0;0;0;0;0;0;0;0;0;0;0;447;0;0;0;0;0
Ephemeroptera;Baetidae;;Baetidae;0;0;0;17;11;0;11653;0;0;2335;0;0;3120;0;0;0;0;21;78;0;0;0;0;0;0;0;0;0;0;0;0;0;0;0;4;0;0;23;0;0
Trichoptera;Hydropsychidae;Hydropsyche;Hydropsyche;0;0;0;0;0;0;0;0;0;0;0;0;12369;0;9;14;0;1;0;0;0;0;0;0;0;0;0;0;0;0;0;0;0;0;0;0;0;0;0;0
Diptera;Tabanidae;Tabanus;Tabanus;0;0;0;0;16593;0;0;0;0;0;0;0;0;0;0;0;0;0;0;0;0;0;0;0;0;0;0;0;0;0;0;0;0;0;0;0;0;0;0;0
Odonata;Lestidae;Chalcolestes;Chalcolestes viridis;13;0;0;0;0;0;0;0;0;0;0;0;0;1;0;171;7;0;2;19;0;0;0;0;0;12;0;0;0;0;924;1738;3306;6454;0;0;0;2424;0;0
Diptera;Stratiomyidae;Oxycera;Oxycera morrisii;0;0;0;0;0;0;0;0;0;0;0;0;7667;0;0;0;0;0;0;0;0;0;0;0;6938;0;0;0;0;0;0;0;0;0;0;0;0;0;0;0
Odonata;Aeshnidae;Aeshna;Aeshna mixta;0;0;0;0;0;0;0;0;0;0;0;0;0;0;0;0;0;0;0;0;0;0;0;0;0;0;0;0;0;0;0;0;0;0;0;0;0;13626;0;0
Odonata;Coenagrionidae;Ceriagrion;Ceriagrion tenellum;0;0;0;0;0;0;397;0;0;0;0;0;12945;0;10;0;0;122;0;0;0;0;0;0;0;0;0;0;0;0;0;0;18;0;0;0;0;0;0;0
Coleoptera;Elmidae;Oulimnius;Oulimnius troglodytes;0;0;0;0;11;0;0;0;0;0;1;0;0;0;0;7;0;11;0;0;4;0;0;0;0;0;0;0;0;0;0;65;0;7756;0;0;0;0;0;0
Odonata;Libellulidae;Orthetrum;Orthetrum coerulescens;0;0;0;0;9;0;2359;0;0;0;0;0;0;0;2;7907;0;0;0;11;0;0;0;0;0;0;0;0;0;0;0;0;0;0;0;0;0;27;0;0
Odonata;Lestidae;Sympecma;Sympecma fusca;0;0;0;0;0;0;0;0;0;0;0;0;0;0;0;0;0;0;0;0;0;0;0;12383;0;0;0;0;0;0;0;0;0;0;0;0;0;0;0;0
Diptera;;;Diptera;0;0;0;108;0;0;0;0;0;0;0;0;942;0;0;159;0;0;0;0;0;27;1;159;1;0;0;0;0;0;0;1122;0;0;0;7896;30;973;75;1
Diptera;;;Diptera;0;0;0;0;0;0;0;0;4983;0;0;0;4593;62;734;0;0;0;0;0;0;0;0;0;0;0;0;0;0;1;0;0;0;0;0;0;0;0;0;0
Diptera;Stratiomyidae;;Stratiomyidae;0;0;0;0;0;0;0;0;0;0;0;0;0;0;0;0;0;0;0;0;0;0;1;0;0;0;487;0;0;12126;0;0;17;26;0;0;103;0;0;0
Hemiptera;Nepidae;;Nepidae;0;0;0;0;0;0;0;0;1825;3231;402;195;0;0;0;0;0;0;0;0;0;108;0;1526;207;430;0;0;0;0;0;589;0;276;0;0;0;0;0;0
Trombidiformes;Lebertiidae;Lebertia;Lebertia porosa;0;0;0;0;0;0;0;0;0;0;0;0;0;0;0;0;0;0;0;0;0;0;0;0;0;0;0;0;0;0;0;0;0;0;0;0;0;0;0;0
Ephemeroptera;Baetidae;Cloeon;Cloeon dipterum;0;0;0;0;0;0;0;0;0;0;0;0;0;0;0;0;0;0;0;0;0;0;0;0;0;0;0;0;0;0;0;8879;49;349;0;0;0;0;0;0
Odonata;Cordulegastridae;Cordulegaster;Cordulegaster boltonii;0;0;0;0;0;0;0;0;0;0;0;0;0;0;0;0;0;0;0;0;0;0;0;0;0;72;0;0;0;0;0;0;0;8918;0;0;0;0;0;0
Ephemeroptera;Caenidae;Caenis;Caenis luctuosa;0;0;0;8800;0;0;0;0;0;0;0;0;0;0;0;0;0;0;0;0;0;0;0;0;0;0;0;0;0;0;0;0;0;0;0;0;0;0;0;0
Diptera;Culicidae;Culex;Culex quinquefasciatus;0;0;0;0;0;0;0;0;0;0;0;0;0;0;0;0;0;0;0;0;0;3;0;0;0;0;0;0;0;0;0;0;31;0;0;0;0;0;0;0
Odonata;Coenagrionidae;Ischnura;Ischnura genei;0;0;0;0;0;0;10907;23;0;0;0;0;0;0;0;0;0;113;0;0;0;0;0;0;0;0;0;0;0;0;0;0;0;0;0;0;0;0;0;0
Hemiptera;Notonectidae;Notonecta;Notonecta maculata;0;0;0;330;10;0;244;2221;0;1008;18;48;0;403;14;0;0;11;5;11;1;285;151;0;0;17;0;0;0;0;0;37;1068;0;4;156;1501;226;0;0
Diptera;;;Diptera;0;0;7160;0;0;0;0;0;0;0;0;0;0;0;1;0;0;0;0;0;0;0;0;0;0;0;0;0;0;0;0;0;0;0;0;0;0;0;0;0
Odonata;Lestidae;Chalcolestes;Chalcolestes;0;0;0;0;0;0;40;0;0;0;0;0;0;1;0;90;0;0;0;12;0;0;6;0;0;57;0;0;0;0;506;596;1171;1920;0;0;0;670;0;0
Hemiptera;Nepidae;;Nepidae;0;0;0;0;0;0;0;0;1489;2125;172;96;0;0;0;0;0;0;0;0;0;85;0;692;122;265;0;0;0;0;0;144;0;88;0;0;0;0;0;0
Coleoptera;Hydrophilidae;Helochares;Helochares lividus;0;0;0;0;0;0;0;0;5630;1589;0;0;0;0;0;0;0;0;0;0;0;0;0;0;0;0;0;0;0;0;0;0;0;0;0;0;0;0;0;0
Odonata;Lestidae;Chalcolestes;Chalcolestes;5;0;0;0;0;0;0;0;0;0;0;0;0;0;0;158;0;0;0;8;0;0;1;0;0;5;0;0;0;0;955;875;1836;2272;0;0;0;1326;0;0
Diptera;;;Diptera;0;0;0;7183;6;0;0;0;0;0;0;0;0;0;0;0;0;0;0;0;0;0;0;0;0;0;0;0;0;0;0;0;0;0;0;0;0;0;0;0
Odonata;Coenagrionidae;Pyrrhosoma;Pyrrhosoma nymphula;0;0;0;0;0;0;696;0;0;0;1;0;5406;40;122;31;11;0;0;6;18;0;3;34;0;3;0;0;0;0;0;0;123;0;0;340;0;99;0;0
Odonata;Gomphidae;Onychogomphus;Onychogomphus forcipatus;12;0;0;44;0;4;0;0;0;0;0;0;0;0;0;212;0;0;23;0;0;0;0;0;0;0;0;0;0;0;0;0;0;0;0;0;0;0;4418;59
Diptera;Chironomidae;Chironomus;Chironomus luridus;0;0;0;0;0;0;200;162;0;0;2;0;0;0;0;0;0;0;0;3;0;1287;0;90;0;2;0;0;0;0;0;0;4753;110;8;0;0;51;0;0
Trombidiformes;Limnesiidae;Limnesia;Limnesia;0;0;0;0;0;0;0;0;0;0;0;0;6812;0;0;0;0;0;0;0;0;0;0;0;0;0;0;0;0;0;0;0;0;0;0;0;0;0;0;0
Odonata;Aeshnidae;Anax;Anax imperator;0;0;0;0;0;0;10570;0;0;0;0;0;1795;0;0;0;0;0;2;0;0;0;0;0;0;0;0;0;0;0;0;0;0;0;0;0;0;0;0;0
Odonata;Aeshnidae;Anax;Anax imperator;0;0;0;0;0;0;6444;0;0;0;0;0;0;0;0;0;0;0;0;0;0;0;0;0;0;0;0;0;0;0;0;0;0;0;0;0;0;0;0;0
Hemiptera;Potamocoridae;Naucoris;Naucoris maculatus;0;0;0;0;3;0;0;0;0;0;0;0;5886;0;45;17;0;0;0;0;0;0;0;0;0;0;0;0;0;0;0;0;0;0;0;0;0;0;0;0
Tubificida;Naididae;Potamothrix;Potamothrix bavaricus;0;0;0;0;0;0;0;0;0;0;0;0;4687;0;0;0;0;0;2;0;0;0;0;82;0;0;0;0;0;0;0;0;0;0;0;0;0;0;0;0
Trombidiformes;Arrenuridae;Arrenurus;Arrenurus cylindratus;0;0;0;0;0;0;0;0;0;0;0;0;6278;0;0;0;0;0;0;0;0;0;0;0;0;0;0;0;0;0;0;0;0;0;0;0;0;0;0;0
Hemiptera;Gerridae;Gerris;Gerris gibbifer;0;0;0;3543;221;0;0;121;0;0;0;6;0;0;5;35;0;0;0;1;0;108;0;32;0;44;0;0;0;0;1104;0;0;0;0;16;0;0;0;0
Hemiptera;Corixidae;Parasigara;Parasigara perdubia;0;0;0;0;0;0;0;106;0;0;0;1;0;2;0;316;0;0;1;6;10;0;3;0;0;0;0;0;0;0;0;0;3579;17;0;0;0;0;0;0
Odonata;Lestidae;;Lestidae;2;0;0;0;0;0;0;19;0;0;0;1;0;2;0;6;9;0;0;7;0;0;0;46;0;48;0;0;0;0;46;468;2483;824;0;22;7;1225;0;0
Coleoptera;Dytiscidae;Stictonectes;Stictonectes rebeccae;0;0;0;0;0;0;0;0;0;0;0;0;0;0;0;0;0;0;0;0;0;0;0;0;0;0;0;0;0;0;0;0;0;3478;0;0;0;0;0;0
Trombidiformes;Hygrobatidae;Hygrobates;Hygrobates longiporus;0;0;0;0;0;0;0;0;0;0;0;0;0;0;0;0;0;0;0;0;0;0;0;0;0;0;0;0;0;0;0;0;0;0;0;0;0;0;0;0
Odonata;Aeshnidae;Anax;Anax imperator;0;0;0;0;0;0;1439;0;0;0;0;0;3352;7;0;0;257;0;80;0;0;0;0;43;0;0;0;0;0;0;0;0;0;0;0;287;0;0;0;0
Trichoptera;Psychomyiidae;Tinodes;Tinodes maculicornis;1;0;0;4885;0;0;0;0;0;0;0;0;0;0;0;0;0;0;0;0;0;0;0;0;0;0;0;0;0;0;0;0;0;0;0;0;0;0;0;0
Diptera;;;Diptera;0;0;1;0;0;0;0;0;0;0;0;0;4388;0;0;0;0;0;0;0;0;0;0;0;0;0;0;0;0;0;0;0;0;0;0;0;0;0;0;0
Diptera;;;Diptera;0;0;133;7;25;4;0;0;25;0;0;0;0;0;3830;0;0;0;0;0;0;0;0;99;0;0;0;0;0;0;0;0;0;0;0;0;0;0;0;0
Odonata;Aeshnidae;Anax;Anax imperator;0;0;0;4646;0;0;0;0;0;0;0;0;0;0;0;0;0;0;0;0;0;0;0;0;0;0;0;0;0;0;0;0;0;0;0;0;0;24;0;0
Trichoptera;Hydroptilidae;Hydroptila;Hydroptila vectis;0;0;0;0;0;0;0;0;0;0;0;0;1736;0;0;0;0;0;0;2;0;0;0;56;0;0;0;0;0;0;0;0;0;0;0;2776;0;150;0;0
Coleoptera;Dytiscidae;Stictonectes;Stictonectes epipleuricus;0;0;0;0;0;0;0;98;0;0;0;0;91;11;0;0;0;0;0;0;0;0;1;0;0;0;0;0;0;0;0;43;0;2916;0;0;0;0;0;0
Odonata;Lestidae;Chalcolestes;Chalcolestes;2;0;0;0;0;0;0;0;0;0;0;0;0;0;0;58;0;0;0;7;0;0;5;0;0;33;0;0;0;0;912;145;281;616;0;0;5;256;0;0
Odonata;;;Odonata;0;0;0;0;0;0;20;0;0;0;0;0;0;0;0;0;0;0;0;3;0;0;6;37;0;44;0;0;0;0;191;178;960;1082;0;15;0;1428;0;0
Hemiptera;Gerridae;Aquarius;Aquarius najas;0;0;0;0;27;1742;0;0;0;0;0;0;0;0;0;0;0;0;0;0;0;0;0;0;0;0;0;0;0;0;0;0;0;0;0;0;0;0;0;0
Odonata;Lestidae;;Lestidae;2;0;0;0;0;0;0;0;0;0;0;0;0;0;0;63;0;0;0;9;0;0;3;0;0;4;0;0;0;0;2334;162;72;386;0;0;0;475;0;0
Coleoptera;Hydrophilidae;Laccobius;Laccobius;0;0;0;0;0;0;0;0;0;0;0;0;3793;0;0;0;0;0;0;0;0;0;0;0;0;0;0;0;0;0;0;0;0;0;0;0;0;0;0;0
Odonata;Lestidae;;Lestidae;4;0;0;0;0;0;0;0;0;0;0;0;0;0;0;0;0;0;0;6;0;0;17;0;0;15;0;0;0;0;1182;320;30;874;0;0;5;1116;0;0
Odonata;Lestidae;;Lestidae;0;0;0;0;0;0;0;0;0;0;0;0;0;0;0;0;0;0;0;0;0;0;13;35;0;3;0;0;0;0;1202;0;0;2037;0;0;0;0;0;0
Coleoptera;Hydrophilidae;Laccobius;Laccobius;0;0;0;0;7;0;0;0;0;0;0;0;0;0;0;0;0;0;0;0;0;0;0;0;1;0;3131;0;0;0;0;0;0;0;0;0;0;0;146;0
Trombidiformes;Arrenuridae;Arrenurus;Arrenurus leuckarti;0;0;0;0;0;0;0;0;0;0;0;0;2155;0;0;0;0;0;0;0;0;0;0;0;0;0;0;0;0;0;0;0;0;0;0;0;0;0;0;0
Trombidiformes;Sperchontidae;Sperchon;Sperchon;0;0;0;0;0;0;0;0;0;0;0;0;0;1;3303;0;0;14;0;0;0;0;0;0;0;0;0;0;0;0;0;0;0;0;0;0;0;0;0;0
Coleoptera;Dytiscidae;Graptodytes;Graptodytes;0;0;0;0;0;0;0;25;0;0;0;0;0;0;0;0;0;0;0;0;0;0;11;0;0;0;0;0;0;1;4020;0;0;0;0;0;0;0;0;0
Odonata;Calopterygidae;Calopteryx;Calopteryx haemorrhoidalis;0;0;0;0;0;0;0;0;0;0;0;0;0;26;4;0;8;0;0;0;0;0;0;0;0;0;0;0;0;0;0;102;0;2661;0;0;0;0;0;0
Odonata;Aeshnidae;Aeshna;Aeshna cyanea;0;0;0;0;0;0;27;15;0;0;0;0;255;0;0;0;0;0;0;1;47;0;0;0;0;0;0;0;0;0;853;0;539;128;77;0;0;1076;0;0
Hemiptera;;;Hemiptera;0;0;0;0;0;0;0;0;0;0;0;0;0;0;0;0;0;0;0;0;0;0;1;0;0;0;0;0;0;0;0;997;0;387;0;1575;0;0;0;0
Diptera;Tipulidae;Tipula;Tipula lateralis;0;0;0;0;0;0;0;90;0;0;20;31;0;0;0;0;0;0;0;0;0;0;0;0;0;0;56;0;0;0;0;0;4315;0;0;0;0;0;0;2
Odonata;Lestidae;;Lestidae;3;0;0;0;0;0;0;0;0;0;0;0;0;0;0;20;0;0;0;1;0;0;0;0;0;0;0;0;0;0;653;0;252;386;0;0;0;246;0;0
Ephemeroptera;Ephemerellidae;Serratella;Serratella;0;0;0;0;0;0;0;0;0;0;0;0;0;0;0;0;0;0;0;0;0;0;6;0;0;0;0;0;0;0;0;0;0;2478;0;0;0;0;0;0
Diptera;Stratiomyidae;;Stratiomyidae;0;0;0;0;0;0;0;0;0;0;0;0;0;10;0;0;0;0;0;0;0;0;0;0;0;0;2571;0;0;7;0;0;0;0;0;0;0;0;0;0
Plecoptera;Nemouridae;Nemoura;Nemoura cinerea;0;0;0;0;0;0;0;0;0;0;0;0;0;0;0;0;0;0;0;0;5;0;0;0;0;0;0;0;0;0;0;0;0;0;4;0;1683;0;0;0
Odonata;Lestidae;;Lestidae;0;0;0;0;0;0;32;0;0;0;0;0;0;0;0;0;0;0;1;1;0;0;5;0;0;9;0;0;0;0;722;0;551;1074;0;0;0;69;0;0
Odonata;Aeshnidae;Aeshna;Aeshna;0;0;0;0;0;0;56;0;0;0;0;0;254;0;0;0;0;0;0;0;80;3;0;0;0;0;0;0;0;0;795;31;537;303;105;0;0;1982;0;0
Diptera;Simuliidae;Simulium;Simulium rubzovianum;0;0;0;0;0;0;0;0;0;0;0;0;0;0;0;0;0;0;0;0;0;0;0;0;0;0;0;0;0;0;0;0;0;0;0;2801;0;0;0;0
Diptera;Chironomidae;;Chironomidae;0;0;0;1791;0;0;0;0;0;0;0;0;0;0;0;17;0;0;0;0;0;0;0;0;0;0;0;0;0;0;0;0;182;0;0;418;0;214;5;0
Odonata;Lestidae;;Lestidae;0;0;0;0;0;0;62;0;0;0;0;0;0;0;1;37;0;0;1;4;0;0;0;35;0;38;0;0;0;0;23;544;806;674;0;0;0;78;0;0
Odonata;Gomphidae;Gomphus;Gomphus pulchellus;0;0;1;0;138;0;0;0;0;0;1;3;53;4;0;0;0;1;1;0;0;0;0;29;0;0;0;1;0;0;0;0;0;0;13;20;0;0;35;0
Diptera;Simuliidae;Simulium;Simulium rubzovianum;0;0;0;2350;0;0;0;0;0;0;0;0;0;0;0;0;0;0;0;0;0;0;0;0;0;0;0;0;0;0;0;0;0;0;0;0;0;0;0;0
Odonata;Libellulidae;Sympetrum;Sympetrum;0;0;0;0;0;0;0;0;0;2271;0;0;0;0;0;0;0;0;0;0;0;0;0;0;0;0;0;0;0;0;0;0;0;0;0;0;0;0;0;0
Odonata;Lestidae;;Lestidae;1;0;0;0;0;0;0;0;0;0;0;0;0;0;0;0;0;0;0;0;0;0;0;0;0;37;0;0;0;0;0;19;115;1011;0;0;4;1335;0;0
Odonata;Aeshnidae;Boyeria;Boyeria irene;0;0;0;0;0;0;0;0;0;0;0;0;0;0;0;2354;0;0;0;0;28;0;0;0;0;0;0;0;0;0;0;0;0;0;0;0;0;0;0;0
Coleoptera;Dryopidae;;Dryopidae;0;0;0;0;0;0;0;0;0;0;0;0;990;0;3;1207;0;0;0;0;12;0;0;0;0;0;0;0;0;0;0;0;0;0;0;0;0;0;0;0
Odonata;Lestidae;;Lestidae;0;0;0;0;0;0;0;0;0;0;0;0;0;0;0;19;0;0;0;0;0;0;0;0;0;0;0;0;0;0;0;18;798;1191;0;0;0;0;0;0
Diptera;Ceratopogonidae;Dasyhelea;Dasyhelea notata;0;0;0;0;0;0;0;0;0;0;0;0;2064;0;0;0;0;0;0;0;0;0;0;0;0;0;0;0;0;0;0;0;0;0;0;0;0;0;0;0
Odonata;Aeshnidae;Anax;Aeshnidae;0;0;0;0;0;0;397;0;0;0;0;0;1615;0;0;0;0;0;0;0;4;0;0;0;0;0;0;0;0;0;0;0;0;0;0;0;0;0;0;0
Odonata;Aeshnidae;;Aeshnidae;0;0;0;0;0;0;43;0;0;0;0;0;115;0;0;0;0;0;0;0;32;0;0;0;0;0;0;0;0;0;462;0;255;76;43;0;0;352;0;0
Trichoptera;Limnephilidae;Halesus;Halesus radiatus;0;0;0;0;0;0;0;0;0;0;0;0;0;0;0;0;0;0;0;0;0;0;0;0;0;0;0;0;0;0;0;0;0;1533;0;0;0;0;0;0
Odonata;Aeshnidae;Aeshna;Aeshna umbrosa;0;0;0;0;0;0;31;22;0;0;0;0;254;0;0;0;0;0;0;1;64;1;0;0;0;0;0;0;0;0;599;21;342;176;49;0;0;469;0;0
Hygrophila;Lymnaeidae;Radix;Radix balthica;0;0;0;0;0;0;0;0;0;0;0;0;0;0;0;45;0;0;430;1055;3;0;0;0;7;259;0;88;54;0;0;0;0;0;2;0;0;0;0;0
Coleoptera;Hydrophilidae;Laccobius;Laccobius striatulus;0;0;0;0;0;0;0;0;0;0;0;0;3597;0;0;0;0;0;0;0;0;0;0;0;0;0;0;0;0;0;0;0;0;0;0;0;0;0;0;0
Odonata;Calopterygidae;;Calopterygidae;0;0;0;0;0;0;0;0;0;0;0;0;0;17;7;0;0;0;0;0;0;0;2;0;0;0;0;0;0;0;0;39;0;1868;0;0;0;0;0;0
Diptera;Chironomidae;Microtendipes;Microtendipes confinis;0;0;0;174;0;0;0;0;0;0;0;0;0;1;0;0;0;0;0;0;0;14;0;0;0;0;0;0;0;0;0;0;0;0;0;1755;0;0;21;2
Coleoptera;Dytiscidae;Stictonectes;Stictonectes rebeccae;0;0;0;0;0;0;0;246;0;0;0;0;1491;0;0;0;0;0;2;0;0;0;20;0;0;0;0;0;0;0;0;0;0;125;0;0;0;0;0;0
Coleoptera;Dytiscidae;Laccophilus;Laccophilus hyalinus;0;0;0;0;0;0;0;0;0;0;0;0;1610;0;0;95;0;1;0;0;0;0;0;0;0;0;0;0;0;0;0;0;0;0;0;0;0;0;0;0
Odonata;Aeshnidae;Anax;Anax imperator;0;0;0;0;0;0;0;0;0;0;0;0;1527;0;0;0;0;0;0;0;72;0;0;0;0;0;0;0;0;0;0;0;0;0;0;0;0;0;0;0
Coleoptera;Hydrophilidae;Hydrophilus;Hydrophilus;0;0;0;0;0;0;0;0;0;0;0;0;0;0;0;4151;0;15;0;0;0;0;0;0;0;0;0;0;0;0;0;0;0;0;0;0;0;0;0;0
Odonata;Lestidae;;Lestidae;0;0;0;0;0;0;46;0;0;0;0;0;0;0;0;39;0;0;0;1;0;0;0;0;0;1;0;0;0;0;25;138;15;178;0;0;0;1161;0;0
Coleoptera;Dytiscidae;Stictonectes;Stictonectes rebeccae;0;0;0;0;0;0;0;0;0;0;0;0;0;0;0;0;0;0;0;0;0;0;1;0;0;0;0;0;0;0;0;18;0;2349;0;0;0;0;0;0
Odonata;Libellulidae;Sympetrum;Sympetrum;0;0;0;0;0;3;211;0;0;1401;0;0;0;0;0;9;0;0;1;0;0;0;56;0;0;45;0;0;0;0;0;0;0;0;0;0;0;0;0;0
Ephemeroptera;Leptophlebiidae;Habrophlebia;Habrophlebia;0;0;0;0;0;0;0;0;0;0;0;0;0;0;0;0;0;0;0;0;0;0;0;0;0;0;0;0;0;0;0;0;0;0;0;0;0;0;0;0
Ephemeroptera;Ephemerellidae;Serratella;Serratella ignita;0;0;0;0;0;0;0;0;0;0;0;0;0;0;0;0;0;0;0;0;0;0;0;0;0;0;0;0;0;0;0;0;0;1769;0;0;0;0;0;0
Diptera;;;Diptera;0;0;0;0;0;0;0;0;0;0;0;1;0;0;0;0;0;0;0;0;0;0;0;0;0;0;0;0;0;0;0;0;0;0;0;0;0;0;0;0
Odonata;Lestidae;;Lestidae;0;0;0;0;0;0;0;0;0;0;0;0;0;0;0;0;0;0;0;1;0;0;0;0;0;5;0;0;0;0;0;422;0;1022;0;0;0;0;0;0
Coleoptera;Dryopidae;;Dryopidae;0;0;0;0;0;0;0;0;0;0;0;0;0;0;1;1398;0;0;0;0;0;0;0;0;0;0;0;0;0;0;0;0;0;36;0;0;0;0;0;0
Odonata;Calopterygidae;Calopteryx;Calopteryx haemorrhoidalis;0;0;0;0;0;0;0;0;0;0;0;0;0;8;4;0;0;0;0;0;0;0;0;0;0;0;0;0;0;0;0;50;0;1179;0;0;0;0;0;0
Odonata;Libellulidae;;Libellulidae;0;0;0;0;143;53;169;0;0;70;0;0;34;0;0;6;0;0;0;0;0;0;50;240;0;113;0;0;0;0;0;0;346;0;0;0;0;0;0;7
Trichoptera;Polycentropodidae;;Polycentropodidae;0;0;0;0;0;0;0;0;0;0;0;0;1361;0;0;0;0;0;0;0;0;0;0;0;0;0;0;0;0;0;0;0;0;0;0;0;0;0;0;0
Odonata;;;Odonata;0;0;0;0;0;0;0;0;0;0;0;0;0;15;0;0;0;0;0;0;0;0;0;0;0;0;0;0;0;0;0;69;0;1272;0;0;0;0;0;0
Diptera;Stratiomyidae;;Stratiomyidae;0;0;0;0;22;0;0;0;0;0;0;0;418;2;0;0;0;0;0;0;0;0;0;0;873;0;0;0;0;0;0;0;0;0;0;0;0;0;0;0
Diptera;Psychodidae;Peripsychoda;Peripsychoda auriculata;0;0;0;0;0;0;0;0;0;0;0;0;0;0;0;0;0;0;0;0;0;0;0;0;0;0;0;0;0;0;0;0;0;0;0;1653;0;0;0;0
Diptera;Chironomidae;Chironomus;Chironomus plumosus;0;0;0;0;0;0;0;0;0;0;0;0;0;0;0;0;0;0;0;0;0;397;66;0;0;0;0;0;0;0;0;0;0;0;0;0;0;0;0;0
Odonata;Calopterygidae;Calopteryx;Calopteryx haemorrhoidalis;0;0;0;0;0;0;0;0;0;0;0;0;0;5;0;0;0;0;0;0;0;0;0;0;0;0;0;0;0;0;0;0;0;1091;0;0;0;0;0;0
Diptera;Chironomidae;Chironomus;Chironomus luridus;2;0;0;0;0;0;0;158;0;0;0;0;0;0;0;0;0;0;0;0;0;771;0;0;0;1;15;0;0;0;0;0;72;0;1;24;0;0;0;0
Diptera;Stratiomyidae;;Stratiomyidae;0;0;0;0;0;0;0;0;0;0;0;0;407;0;0;0;0;0;0;0;0;0;0;0;788;0;0;0;0;0;0;0;0;0;0;0;0;0;0;0
Odonata;Cordulegastridae;;Cordulegastridae;0;0;0;0;0;0;0;0;0;0;0;0;0;0;0;0;0;0;0;0;0;0;0;0;0;6;0;36;4;0;0;0;0;106;3;0;1035;0;0;0
Hemiptera;Corixidae;;Corixidae;0;0;0;0;0;0;0;15;0;0;0;1;0;0;0;0;0;0;0;0;0;0;0;0;0;0;0;0;0;0;0;0;584;0;0;0;0;0;0;0
Odonata;;;Odonata;0;0;0;0;0;0;0;0;0;0;0;0;0;7;3;0;0;0;0;0;0;0;0;0;0;0;0;0;0;0;0;29;0;1021;0;0;0;0;0;0
Diptera;Stratiomyidae;Oxycera;Oxycera pygmaea;0;0;0;0;4;1128;0;0;0;0;0;0;0;0;0;0;0;0;0;0;0;0;0;0;0;0;0;0;0;0;0;0;0;0;0;0;0;0;0;0
Coleoptera;Hydrophilidae;Laccobius;Laccobius striatulus;0;0;0;81;0;0;0;0;0;0;0;0;0;0;0;0;0;0;0;0;0;0;0;0;0;0;0;0;0;0;0;0;0;0;0;1062;0;0;0;0
Odonata;;;Odonata;0;0;0;0;0;0;0;0;0;0;0;0;0;0;4;0;0;0;0;0;0;0;0;0;0;0;0;0;0;0;0;0;0;967;0;0;0;0;0;0
Odonata;Libellulidae;;Libellulidae;0;0;0;0;0;0;239;0;0;784;0;0;0;0;0;0;0;0;0;0;0;0;0;0;0;0;0;0;0;0;0;0;0;76;0;0;0;0;0;0
Trichoptera;Hydropsychidae;Hydropsyche;Hydropsyche bulbifera;0;0;0;0;0;0;0;0;0;0;1;0;0;0;0;0;0;0;0;2;0;0;0;544;0;0;0;2;0;0;0;0;0;0;7;501;0;0;0;0
Odonata;Lestidae;;Lestidae;0;0;0;0;0;0;0;0;0;0;0;0;0;0;0;0;0;0;1;2;0;0;19;0;0;22;0;0;0;0;400;81;138;197;0;0;0;0;0;0
Hemiptera;Nepidae;;Nepidae;0;0;0;0;0;0;0;0;359;334;31;11;0;0;0;0;0;0;0;0;0;14;0;82;11;34;0;0;0;0;0;71;0;29;0;0;0;0;0;0
Coleoptera;Hydraenidae;Hydraena;Hydraena;0;0;0;0;0;0;815;0;0;0;0;0;0;0;0;0;0;0;0;0;0;7;0;0;0;0;0;7;0;0;0;0;0;0;0;0;0;0;0;0
Odonata;Lestidae;;Lestidae;2;0;0;0;0;0;55;0;0;0;0;0;0;0;0;0;0;0;0;0;0;0;0;0;0;9;0;0;0;0;0;0;0;818;0;0;0;0;0;0
Coleoptera;Dytiscidae;Graptodytes;Graptodytes;0;0;0;0;0;0;0;0;0;0;0;0;0;0;0;0;0;0;0;0;0;0;0;0;0;0;0;0;0;0;0;109;0;0;878;0;0;0;0;0
Diptera;Culicidae;;Culicidae;0;0;0;0;0;0;0;0;0;0;0;0;0;0;0;0;0;0;0;0;0;0;0;0;0;0;0;0;0;1;0;0;0;0;0;0;0;0;0;0
Diptera;Chironomidae;Ablabesmyia;Ablabesmyia;0;0;0;0;0;0;0;0;0;0;0;0;0;0;0;24;0;0;0;0;0;0;0;0;0;0;0;0;0;0;0;0;0;0;6;530;0;0;0;0
Trombidiformes;;;Trombidiformes;0;0;0;0;0;0;0;0;0;0;0;0;0;0;0;0;0;0;0;0;0;0;0;0;0;0;0;0;0;0;0;0;0;0;0;815;0;0;0;0
Odonata;Calopterygidae;;Calopterygidae;0;0;0;0;0;0;0;0;0;0;0;0;0;14;9;0;0;0;0;0;0;0;0;0;0;0;0;0;0;0;0;0;0;781;0;0;0;0;0;0
Hemiptera;Nepidae;;Nepidae;0;0;0;0;0;0;0;0;46;265;8;4;0;0;0;0;0;0;0;0;0;8;0;41;15;22;0;0;0;0;0;70;0;21;0;0;0;0;0;0
Diptera;;;Diptera;0;0;0;0;0;0;0;0;0;0;0;0;0;2;823;0;0;0;0;0;0;0;0;0;0;0;0;0;0;0;0;0;0;0;0;0;0;0;0;0
Coleoptera;Hydraenidae;Hydraena;Hydraena subimpressa;0;0;0;0;485;0;0;0;0;0;0;0;0;0;0;0;0;0;0;0;2;0;0;0;3;1;0;24;0;0;0;223;0;369;1;0;0;0;0;0
Tubificida;Naididae;Potamothrix;Potamothrix;0;0;0;0;0;0;464;0;0;0;0;0;0;0;0;0;0;0;0;0;0;0;0;100;0;0;0;0;0;0;0;0;0;0;0;245;0;0;25;0
Lumbriculida;Lumbriculidae;Lumbriculus;Lumbriculus variegatus;1;0;0;0;0;0;0;0;0;0;0;0;0;0;0;0;0;0;0;0;3;0;0;0;0;0;0;0;3;0;0;0;0;0;2;689;0;0;0;0
Odonata;Lestidae;;Lestidae;0;0;0;0;0;0;0;0;0;0;0;0;0;0;0;0;0;0;0;0;0;0;0;0;0;0;0;0;0;0;668;0;0;102;0;0;0;0;0;0
Littorinimorpha;Tateidae;Potamopyrgus;Potamopyrgus antipodarum;0;0;0;0;0;0;0;0;0;0;0;0;0;0;0;32;0;562;47;0;196;0;0;0;0;0;0;0;0;0;0;0;0;0;0;0;0;0;0;0
Coleoptera;Hydraenidae;Hydraena;Hydraena;0;0;0;0;0;0;1297;0;0;0;0;0;0;0;0;0;0;0;0;0;0;16;0;0;0;0;0;1;0;0;0;0;0;0;0;0;0;0;0;0
Diptera;Stratiomyidae;;Stratiomyidae;0;0;0;0;0;0;0;0;0;0;0;0;0;0;0;0;0;0;0;0;0;0;0;0;0;0;0;0;0;277;0;0;0;0;1;0;19;0;0;0
Odonata;Aeshnidae;Anax;Anax;0;0;0;26;0;0;584;0;0;0;0;0;83;0;0;0;0;0;0;0;0;0;0;0;0;0;0;0;0;0;0;0;0;0;0;0;0;0;0;0
Odonata;Lestidae;;Lestidae;1;0;0;0;0;0;0;0;0;0;0;1;0;0;0;0;0;0;0;3;0;0;29;0;0;31;0;0;0;0;257;118;54;161;0;0;0;32;0;0
Diptera;Chironomidae;;Chironomidae;0;0;0;0;0;0;15;398;0;0;0;0;0;0;0;0;0;0;0;0;0;0;0;0;0;0;0;0;0;0;0;0;142;17;0;0;15;215;0;0
Hemiptera;Notonectidae;Notonecta;Notonecta maculata;0;55;0;0;4;0;44;103;0;25;3;10;0;84;6;0;0;1;1;6;8;127;28;0;0;0;0;0;0;0;0;0;92;0;4;0;36;46;0;0
Hemiptera;Nepidae;Nepa;Nepa;0;0;0;0;0;0;0;0;106;201;8;4;0;0;0;0;0;0;0;0;0;8;0;52;9;25;0;0;0;0;0;34;0;22;0;0;0;0;0;0
Tubificida;Naididae;Tubifex;Tubifex tubifex;0;0;0;0;0;0;0;0;0;0;0;0;0;0;0;0;0;0;0;0;0;0;0;0;0;0;0;0;0;0;0;0;0;0;115;0;0;0;0;0
Coleoptera;Dytiscidae;Dytiscus;Dytiscus dimidiatus;0;0;0;0;0;0;0;0;0;0;0;0;0;0;0;0;0;0;0;0;684;0;0;0;0;0;0;0;0;0;0;0;0;37;0;0;0;0;0;0
Diptera;Chironomidae;;Chironomidae;0;0;0;0;0;0;267;393;0;0;0;0;0;0;0;0;0;0;0;0;0;0;0;0;0;0;0;0;0;0;0;0;0;0;0;0;0;0;0;0
Odonata;Libellulidae;Orthetrum;Orthetrum brunneum;0;0;0;0;0;0;0;0;0;0;0;0;0;0;0;0;0;0;0;0;0;0;505;25;0;0;0;0;0;0;0;0;0;0;2;0;0;0;0;0
Trichoptera;;;Trichoptera;0;0;0;0;0;0;0;0;4;0;0;0;0;0;0;0;72;0;0;0;0;0;0;0;0;0;0;0;0;0;0;0;0;0;61;8;0;452;20;0
Ephemeroptera;Ephemerellidae;Serratella;Serratella;0;0;0;0;0;0;0;0;0;0;1;0;0;0;0;0;0;0;0;0;0;0;0;0;0;0;0;0;0;0;0;0;0;469;0;0;0;0;0;0
Ephemeroptera;Caenidae;Caenis;Caenis luctuosa;0;343;9;0;0;0;0;0;0;0;0;5;0;0;0;17;94;0;0;0;1;0;2;0;0;2;0;0;0;1;0;0;0;0;48;0;0;0;6;0
Odonata;Lestidae;;Lestidae;0;0;0;0;0;0;0;0;0;0;0;0;0;0;0;0;0;0;0;1;0;0;0;0;0;2;0;0;0;0;0;105;449;60;0;0;0;0;0;0
Diptera;Stratiomyidae;;Stratiomyidae;0;0;0;0;0;0;0;0;0;0;0;0;0;0;0;0;0;0;0;0;0;0;0;0;0;0;8;0;0;608;0;0;0;0;0;0;4;0;0;0
Odonata;Aeshnidae;Anax;Anax;0;0;0;18;0;0;176;0;0;0;0;0;416;0;0;0;0;0;0;0;4;0;0;0;0;0;0;0;0;0;0;0;0;0;0;0;0;0;0;0
Diptera;Culicidae;Culex;Culex;0;0;0;0;0;0;0;0;0;0;0;0;0;0;0;0;0;0;0;0;0;0;0;0;0;0;0;0;0;0;0;0;0;0;0;0;0;0;0;0
Hemiptera;Hydrometridae;Hydrometra;Hydrometra stagnorum;0;0;0;0;0;6;0;421;0;0;0;0;0;0;1;0;0;0;0;0;0;0;0;0;0;121;0;0;0;0;0;0;0;0;0;0;0;0;0;0
Coleoptera;Dytiscidae;Bidessus;Bidessus minutissimus;0;0;0;0;0;0;0;0;0;0;270;110;0;0;0;0;0;0;0;0;0;0;0;0;0;0;0;0;0;0;0;0;0;0;0;0;0;0;0;0
Odonata;;;Odonata;0;0;0;0;0;0;0;0;0;593;0;0;0;0;0;0;0;0;0;0;0;0;0;0;0;0;0;0;0;0;0;0;0;0;0;0;0;0;0;0
Diptera;Ceratopogonidae;;Ceratopogonidae;0;0;0;0;0;0;37;0;0;0;1;0;320;0;0;8;0;0;1;0;0;0;0;0;0;0;0;0;0;0;0;0;0;0;0;0;0;0;0;0
Coleoptera;Hydrophilidae;Anacaena;Anacaena globulus;0;0;0;0;944;0;0;0;0;0;0;0;0;0;0;0;0;0;0;0;0;0;0;0;0;0;0;0;0;0;0;0;0;0;0;0;0;0;0;0
Trichoptera;Hydropsychidae;Hydropsyche;Hydropsyche pellucidula;0;0;0;0;0;0;0;0;0;0;0;0;211;0;0;9;0;0;0;0;0;0;0;0;0;0;0;0;0;0;0;0;0;0;0;0;0;0;0;0
Odonata;Aeshnidae;;Aeshnidae;0;0;0;0;0;0;0;0;0;0;0;0;0;0;0;0;0;0;0;0;0;0;0;0;0;0;0;0;0;0;0;0;0;32;28;0;0;256;0;0
Odonata;Libellulidae;Sympetrum;Sympetrum;4;0;0;0;189;33;98;0;0;84;0;0;0;0;0;0;0;0;0;0;0;0;34;0;0;0;0;0;0;0;0;0;0;0;0;0;0;0;0;10
Odonata;Calopterygidae;Calopteryx;Calopteryx;0;0;0;0;0;0;0;0;0;0;0;0;0;0;0;0;0;0;0;0;1;0;0;0;0;0;0;0;0;0;0;24;0;461;0;0;0;0;0;0
Diptera;Chironomidae;;Chironomidae;0;0;0;0;0;0;0;0;0;0;0;0;481;0;0;24;0;0;0;0;0;0;0;0;0;0;0;0;0;0;0;0;0;0;0;0;0;0;0;0
Hemiptera;Notonectidae;Notonecta;Notonecta maculata;0;0;0;0;38;0;43;0;0;0;0;0;44;0;38;0;0;0;0;62;0;0;0;0;0;0;0;0;0;0;0;297;0;0;0;0;0;0;0;0
Odonata;;;Odonata;0;0;0;0;0;0;0;0;0;426;0;0;0;0;0;0;0;0;0;0;0;0;3;51;0;0;0;0;0;0;0;0;0;0;0;0;0;0;0;0
Odonata;Calopterygidae;Calopteryx;Calopteryx haemorrhoidalis;0;0;0;0;0;0;0;0;0;0;0;0;0;7;0;0;0;1;0;0;0;0;0;0;0;0;0;0;0;0;0;0;0;468;0;0;0;0;0;0
Odonata;;;Odonata;0;0;0;0;0;0;0;0;0;0;0;0;0;18;2;0;0;0;0;0;0;0;0;0;0;0;0;0;0;0;0;0;0;1263;0;0;0;0;0;0
Hemiptera;Nepidae;Nepa;Nepa;0;0;0;0;0;0;0;0;81;183;19;6;0;0;0;0;0;0;0;0;0;10;0;0;5;0;0;0;0;0;0;0;0;0;0;0;0;0;0;0
Trombidiformes;;;Trombidiformes;0;0;0;0;0;0;0;0;0;0;0;0;0;0;0;0;0;0;0;0;0;0;0;0;0;0;0;0;0;0;0;0;0;0;0;0;0;0;0;0
Diptera;;;Diptera;0;0;0;0;0;0;0;0;0;0;0;0;626;0;0;0;0;0;0;0;0;0;0;0;0;0;0;0;0;0;0;0;0;0;0;0;0;0;0;0
Coleoptera;Dryopidae;;Dryopidae;0;0;0;0;5;0;0;0;0;0;0;0;129;0;0;236;0;0;0;0;0;0;0;0;0;6;0;0;0;0;0;0;0;0;0;0;0;0;0;0
Odonata;;;Odonata;1;0;0;0;26;0;24;0;0;239;0;0;0;0;0;0;0;0;0;0;0;0;8;61;0;54;0;0;0;0;0;0;0;0;0;0;0;39;0;3
Odonata;Aeshnidae;Aeshna;Aeshna;0;0;0;0;0;0;0;0;0;0;0;0;25;0;0;0;0;0;0;0;0;0;0;0;0;0;0;0;0;0;0;0;0;0;0;0;0;248;0;0
Coleoptera;Dytiscidae;Stictonectes;Stictonectes rebeccae;0;0;0;0;0;0;0;0;0;0;0;0;0;0;0;0;0;0;0;0;0;0;0;0;0;240;0;0;0;1;162;0;0;0;1;0;0;0;0;0
Odonata;Calopterygidae;;Calopterygidae;0;0;0;0;0;0;0;0;0;0;0;0;0;25;2;0;0;0;0;0;0;0;0;0;0;0;0;0;0;0;0;0;0;303;0;0;0;0;0;0
Odonata;Aeshnidae;Aeshna;Aeshna;0;0;0;0;0;0;0;0;0;0;0;0;0;0;0;0;0;0;0;0;6;0;0;0;0;0;0;0;0;0;0;0;25;0;30;0;0;351;0;0
Coleoptera;Dytiscidae;Stictonectes;Stictonectes rebeccae;0;0;0;0;0;0;0;0;0;0;0;0;0;0;0;0;0;0;0;0;0;0;0;0;0;0;0;0;0;0;0;0;0;334;0;0;0;0;0;0
Coleoptera;Dytiscidae;Stictonectes;Stictonectes rebeccae;0;0;0;0;0;0;0;0;0;0;0;0;0;0;0;0;0;0;0;0;0;0;3;0;0;0;0;0;0;0;390;0;0;0;0;0;0;0;0;0
Diptera;Chironomidae;Ablabesmyia;Ablabesmyia;0;0;0;0;0;0;0;0;0;0;0;0;0;0;0;36;0;0;0;0;0;0;0;0;0;0;0;0;0;0;0;0;0;0;3;24;0;0;0;0
Odonata;;;Odonata;2;0;0;0;116;0;0;0;0;17;0;0;55;0;0;7;0;0;0;0;0;0;34;54;0;79;0;0;0;0;0;0;97;0;0;0;0;0;0;8
Hemiptera;Notonectidae;Notonecta;Notonecta maculata;0;0;0;0;0;0;0;0;0;0;0;0;0;0;0;0;0;0;0;20;0;0;0;0;0;0;0;0;0;0;0;0;0;0;0;0;0;340;0;0
Coleoptera;Dryopidae;Dryops;Dryops luridus;0;0;0;0;0;0;0;0;0;0;0;0;0;0;0;0;0;0;0;0;0;0;0;0;0;0;0;0;0;0;0;0;0;0;0;352;0;0;0;0
Odonata;;;Odonata;0;0;0;0;0;0;0;0;0;0;0;0;0;21;0;0;0;0;0;0;0;0;0;0;0;0;0;0;0;0;0;29;0;291;0;0;0;0;0;0
Diptera;Stratiomyidae;;Stratiomyidae;0;0;0;0;13;0;0;0;0;0;0;0;61;0;0;0;0;0;0;0;0;0;0;0;214;0;0;0;0;0;0;0;0;0;0;0;0;0;0;0
Coleoptera;Elmidae;Oulimnius;Oulimnius rivularis;0;0;1;51;0;0;0;0;0;0;0;0;0;0;0;0;0;0;3;0;0;0;4;0;0;0;0;0;0;0;0;0;0;212;21;0;0;0;0;0
Coleoptera;Hydrophilidae;Laccobius;Laccobius;0;0;0;0;372;0;0;0;0;0;0;0;0;0;0;0;0;0;0;0;0;0;0;0;0;0;0;0;0;0;0;0;0;0;0;0;0;0;0;0
Diptera;Chironomidae;Ablabesmyia;Ablabesmyia;0;0;0;0;0;0;0;0;0;0;0;0;0;0;0;0;0;0;0;0;0;0;0;0;0;0;0;0;0;0;0;0;0;0;0;0;0;0;0;0
Trichoptera;Limnephilidae;Limnephilus;Limnephilus lunatus;0;0;0;0;0;0;0;0;0;0;0;0;0;0;0;0;0;3;0;0;0;0;0;0;0;0;0;0;0;0;0;0;0;735;0;0;0;0;0;0
Odonata;Lestidae;;Lestidae;0;0;0;0;0;0;0;0;0;0;0;0;0;0;0;0;0;0;0;1;0;0;3;0;0;1;0;0;0;0;183;40;28;64;0;0;0;0;0;0
Odonata;Libellulidae;;Libellulidae;0;0;0;0;108;0;236;0;0;0;0;0;0;0;0;0;0;0;0;0;0;0;6;0;0;0;0;0;0;0;0;0;69;0;0;0;0;0;0;7
Odonata;Lestidae;;Lestidae;1;0;0;0;0;0;0;0;0;0;0;0;0;0;0;0;0;0;0;1;0;0;3;0;0;2;0;0;0;0;162;36;20;73;0;0;0;26;0;0
Coleoptera;Hydrophilidae;;Hydrophilidae;0;0;0;0;453;0;0;0;0;0;0;0;0;0;0;0;0;0;0;0;0;0;0;0;0;1;0;0;0;0;0;0;0;0;0;0;20;0;0;0
Diptera;Stratiomyidae;;Stratiomyidae;0;0;0;0;2;0;0;0;0;0;0;0;0;0;0;0;0;0;0;0;0;0;0;0;107;0;0;0;0;0;0;0;0;0;0;0;0;0;0;0
Odonata;Lestidae;;Lestidae;0;0;0;0;0;0;0;0;0;0;0;0;0;0;0;0;0;0;0;0;0;0;13;0;0;5;0;0;0;0;84;19;44;83;0;0;0;45;0;0
Odonata;Lestidae;;Lestidae;0;0;0;0;0;0;0;0;0;0;0;0;0;0;0;0;0;0;0;0;0;0;0;0;0;0;0;0;0;0;0;315;0;16;0;0;0;0;0;0
Odonata;Aeshnidae;Aeshna;Aeshna cyanea;0;0;0;0;0;0;0;0;0;0;0;0;0;0;0;0;0;0;0;0;62;0;0;0;0;0;0;0;0;0;0;0;55;97;91;0;0;0;0;0
Odonata;Lestidae;;Lestidae;0;0;0;0;0;0;0;0;0;0;0;0;0;0;0;0;0;0;0;0;0;0;6;0;0;0;0;0;0;0;181;0;0;120;0;0;0;0;0;0
Coleoptera;Dytiscidae;Dytiscus;Dytiscus dimidiatus;0;0;0;0;0;0;0;0;0;0;0;0;0;0;0;0;0;0;0;0;1;0;0;0;0;0;0;0;0;0;0;0;0;289;0;0;0;0;0;0
Diptera;Chironomidae;;Chironomidae;0;0;0;0;0;0;0;0;0;0;0;0;369;0;0;0;0;0;0;0;0;0;0;0;0;0;0;0;0;0;0;0;0;0;0;0;0;0;12;0
Tubificida;Naididae;Tubifex;Tubifex tubifex;0;0;0;0;0;0;0;0;0;0;0;0;0;0;0;0;0;0;0;0;0;0;0;0;0;0;0;0;0;0;0;0;0;0;163;0;0;0;0;0
Trombidiformes;Hygrobatidae;Hygrobates;Hygrobates fluviatilis;0;0;0;0;0;0;0;0;0;0;0;0;0;0;0;0;0;0;0;0;0;0;0;0;0;1;0;0;0;0;0;0;0;0;0;0;0;0;0;0
Odonata;;;Odonata;0;0;0;0;131;0;0;0;0;19;0;0;0;0;0;0;0;0;0;0;0;0;0;0;0;0;0;0;0;0;0;0;150;0;0;0;0;0;0;0
Diptera;Chironomidae;Limnophyes;Limnophyes;0;0;0;0;0;0;0;0;0;0;240;61;0;0;0;0;0;0;0;0;0;0;4;0;0;0;0;0;0;0;0;0;0;0;0;0;0;0;0;0
Odonata;;;Odonata;0;0;0;0;0;0;302;0;0;0;0;0;0;0;0;0;0;0;0;0;0;0;0;0;0;0;0;0;0;0;0;0;0;0;0;0;0;0;0;0
Diptera;Chironomidae;;Chironomidae;0;0;0;0;0;0;0;0;0;0;0;0;264;0;0;0;0;0;0;0;0;0;0;0;0;0;0;0;0;0;0;0;0;0;0;0;0;0;0;0
Odonata;Coenagrionidae;Pyrrhosoma;Pyrrhosoma nymphula;0;0;0;0;0;0;57;0;0;0;0;0;95;8;2;13;0;0;0;0;0;0;0;0;0;0;0;0;0;0;0;0;0;0;0;0;0;59;0;0
Coleoptera;Dytiscidae;Stictonectes;Stictonectes rebeccae;0;0;0;0;0;0;0;0;0;0;0;1;0;0;0;0;0;0;0;0;0;0;0;0;0;0;0;0;0;0;0;0;0;227;0;0;0;0;0;0
Odonata;Calopterygidae;;Calopterygidae;0;0;0;0;0;0;0;0;0;0;0;0;0;0;5;0;0;0;0;0;0;0;0;0;0;0;0;0;0;0;0;31;0;212;0;0;0;0;0;0
Odonata;Gomphidae;;Gomphidae;0;0;0;0;14;0;0;0;0;0;0;0;0;0;0;0;0;0;0;0;0;0;0;0;0;0;0;0;0;0;0;0;0;0;0;0;0;0;8;0
Odonata;Lestidae;;Lestidae;0;0;0;0;0;0;0;0;0;0;0;0;0;0;0;0;0;0;0;0;0;0;13;0;0;3;0;0;0;0;115;0;23;79;0;0;0;28;0;0
Odonata;;;Odonata;0;0;0;0;0;0;0;0;0;0;0;0;0;6;0;0;0;0;0;0;0;0;0;0;0;0;0;0;0;0;0;24;0;214;0;0;0;0;0;0
Odonata;Lestidae;;Lestidae;0;0;0;0;0;0;0;0;0;0;0;0;0;0;0;0;0;0;0;0;0;0;8;0;0;2;0;0;0;0;75;29;44;73;0;0;0;0;0;0
Coleoptera;Hydrophilidae;Helochares;Helochares lividus;0;0;0;0;0;0;0;0;0;0;0;0;0;0;0;0;0;0;0;0;0;0;0;318;0;0;0;0;0;0;0;0;0;0;0;0;0;0;0;0
Diptera;;;Diptera;0;0;0;0;0;0;0;0;0;0;0;0;0;0;0;0;0;0;0;0;0;0;0;0;0;0;0;0;0;227;0;0;0;0;0;0;7;0;0;0
Plecoptera;Leuctridae;Leuctra;Leuctra digitata;0;0;0;0;0;0;0;0;0;0;0;0;0;0;0;490;0;0;0;0;0;0;0;0;0;0;0;0;0;0;0;0;0;0;0;0;0;0;0;0
Diptera;Stratiomyidae;Oxycera;Oxycera;0;0;0;0;0;0;0;0;0;0;0;0;40;0;0;0;0;0;0;0;0;0;0;0;303;0;0;0;0;0;0;0;0;0;0;0;0;0;0;0
Coleoptera;Hydraenidae;Hydraena;Hydraena;0;0;0;0;0;0;0;0;0;0;0;0;0;0;0;0;0;0;0;0;0;0;0;0;0;0;0;0;0;0;0;227;0;0;0;0;0;0;0;0
Diptera;Stratiomyidae;;Stratiomyidae;0;0;0;0;0;0;0;0;0;0;0;0;0;0;0;0;0;0;0;0;0;0;0;0;0;0;221;0;0;0;0;0;0;0;0;0;0;0;0;0
Coleoptera;Dryopidae;Dryops;Dryops luridus;0;0;0;0;0;0;0;0;0;0;0;0;0;0;0;0;0;0;0;0;0;0;0;265;0;0;0;0;0;0;0;0;0;0;0;0;0;0;0;0
Odonata;Lestidae;;Lestidae;0;0;0;0;0;0;0;0;0;0;0;0;0;0;0;0;0;0;0;0;0;0;0;0;0;3;0;0;0;0;105;25;32;44;0;0;0;28;0;0
Odonata;Lestidae;;Lestidae;0;0;0;0;0;0;0;0;0;0;0;0;0;0;0;0;0;0;0;2;0;0;3;0;0;4;0;0;0;0;135;0;24;51;0;0;0;0;0;0
Coleoptera;Dytiscidae;Deronectes;Deronectes hispanicus;0;0;0;0;0;0;0;0;0;0;0;0;0;0;0;0;0;0;0;0;3;0;0;0;0;0;0;0;0;0;589;0;0;0;0;0;0;0;0;0
Trombidiformes;;;Trombidiformes;0;0;0;0;0;0;0;0;0;0;0;0;0;0;0;0;0;0;0;0;0;0;0;0;0;0;0;0;0;0;0;0;0;0;0;0;0;0;0;0
Coleoptera;Hydrophilidae;Helochares;Helochares lividus;0;0;0;0;0;0;0;0;0;0;0;0;0;0;0;0;0;0;0;0;0;0;0;0;0;243;0;0;0;0;0;0;0;0;0;0;0;0;0;0
Coleoptera;Dytiscidae;Stictonectes;Stictonectes lepidus;1;0;0;0;0;0;0;236;0;0;0;0;0;0;0;0;0;0;0;0;0;0;0;0;0;0;0;0;0;2;0;0;0;0;0;0;0;0;0;0
Diptera;Chironomidae;Cricotopus;Cricotopus albiforceps;0;0;0;0;0;0;0;0;0;0;0;0;0;0;0;0;0;0;0;0;0;0;0;0;0;0;0;0;0;0;0;0;0;0;0;0;0;0;0;0
Diptera;Chironomidae;;Chironomidae;0;0;0;18;10;0;0;0;0;0;0;0;0;0;0;29;0;1;0;0;0;0;0;0;0;0;0;0;0;0;0;0;0;0;0;159;0;0;0;0
Coleoptera;Dytiscidae;;Dytiscidae;0;0;0;0;0;0;0;0;0;0;0;0;0;0;0;0;0;0;0;0;0;0;0;0;0;0;0;0;0;0;0;0;0;181;0;0;0;0;0;0
Ephemeroptera;Leptophlebiidae;Habrophlebia;Habrophlebia;0;0;0;0;0;0;0;0;0;0;0;0;0;0;0;0;0;0;0;0;0;0;0;0;0;0;0;0;0;0;0;0;0;0;3;0;0;0;0;0
Hygrophila;Lymnaeidae;Radix;Radix balthica;0;0;0;0;0;0;0;0;0;0;0;0;0;0;0;0;0;0;0;0;0;0;0;0;0;0;0;0;0;0;0;0;0;204;0;0;0;0;0;0
Coleoptera;Dryopidae;;Dryopidae;0;0;0;0;0;0;0;0;0;0;0;0;28;0;0;151;0;0;0;0;0;0;0;0;0;2;0;0;0;0;0;0;0;0;0;0;0;0;0;0
Ephemeroptera;Baetidae;Baetis;Baetis pavidus;0;0;0;0;0;1;0;0;0;0;0;0;0;2;0;0;0;0;0;0;0;0;0;0;0;0;0;0;1;0;0;0;0;0;5;129;14;0;7;0
Amphipoda;Gammaridae;Echinogammarus;Echinogammarus;0;0;0;0;0;0;0;0;0;0;0;0;0;0;0;0;0;0;0;0;0;0;74;0;0;0;0;0;0;0;0;0;0;103;0;0;0;0;0;0
Coleoptera;Hydrophilidae;Berosus;Berosus hispanicus;0;0;0;0;0;0;165;0;0;0;0;0;0;0;0;0;0;0;0;0;0;0;0;0;0;0;0;0;0;0;0;0;0;0;0;0;0;0;0;0
Odonata;Libellulidae;;Libellulidae;0;0;0;0;0;0;0;0;0;0;0;0;38;0;0;0;0;0;0;0;0;0;0;160;0;0;0;0;0;0;0;0;0;0;0;0;0;0;0;0
Ephemeroptera;Baetidae;Centroptilum;Centroptilum luteolum;0;0;0;0;0;0;0;0;0;0;0;0;0;0;0;0;0;0;0;0;0;0;0;0;0;0;0;0;0;0;0;0;0;0;0;195;11;0;0;0
Coleoptera;Dytiscidae;Stictonectes;Stictonectes rebeccae;0;0;0;0;0;0;0;0;0;0;0;0;0;0;0;0;0;0;0;0;0;0;0;0;0;0;0;0;0;0;0;0;0;170;0;0;0;0;0;0
Coleoptera;Hydraenidae;Hydraena;Hydraena;0;0;0;0;0;0;108;0;0;0;0;0;0;0;0;0;0;0;0;0;0;2;0;0;0;0;0;2;0;0;0;0;0;0;0;0;0;0;0;0
Odonata;Libellulidae;;Libellulidae;0;0;0;0;114;0;0;0;0;77;0;0;0;0;0;0;0;0;0;0;0;0;0;0;0;0;0;0;0;0;0;0;0;0;0;0;0;0;0;0
Coleoptera;Hydrophilidae;Laccobius;Laccobius sinuatus;0;0;0;0;428;0;0;0;0;0;0;0;0;0;0;0;0;0;0;0;0;0;0;0;0;0;0;0;0;0;0;0;0;0;1;0;0;0;0;0
Diptera;Stratiomyidae;;Stratiomyidae;0;0;0;0;0;0;0;0;0;0;0;0;68;0;0;0;0;0;0;0;0;0;0;0;74;0;0;0;0;0;0;0;0;0;0;0;0;0;0;0
Coleoptera;Hydrophilidae;Laccobius;Laccobius;0;0;0;0;9;0;0;0;0;0;0;0;0;0;0;0;0;0;0;0;0;0;0;0;0;0;173;0;0;0;0;0;0;0;0;0;0;0;0;0
;Physidae;Physella;Physella acuta;2;0;0;0;45;0;0;0;0;0;0;0;0;0;0;0;0;0;0;0;0;0;0;0;0;0;0;0;0;0;0;0;147;0;0;0;0;0;0;0
Trichoptera;Hydropsychidae;Hydropsyche;Hydropsyche pellucidula;0;0;0;0;89;0;0;0;0;0;0;0;0;0;0;0;0;0;0;0;0;0;0;0;0;0;0;0;0;0;0;0;0;0;0;0;0;0;0;0
Diptera;Culicidae;Culex;Culex;0;0;0;0;0;0;0;112;0;56;0;0;0;10;0;0;0;0;0;0;0;0;0;0;0;0;0;0;0;0;0;0;0;0;0;0;0;0;0;0
Odonata;;;Odonata;0;0;0;0;0;4;0;0;0;63;0;0;0;0;0;0;0;0;0;0;0;0;0;0;0;0;0;0;0;0;0;0;0;181;0;17;0;0;0;0
Odonata;Coenagrionidae;Pyrrhosoma;Pyrrhosoma;0;0;0;0;0;0;45;0;0;0;0;0;79;0;0;0;0;0;0;0;0;0;0;0;0;0;0;0;0;0;0;0;0;0;0;20;0;27;0;0
Diptera;Stratiomyidae;;Stratiomyidae;0;0;0;0;0;0;0;0;0;0;0;0;47;0;0;0;0;0;0;0;0;0;0;0;62;0;0;0;0;0;0;0;0;0;0;0;0;0;0;0
Coleoptera;Hydrophilidae;Laccobius;Laccobius;0;0;0;0;58;0;0;0;0;0;0;0;0;0;0;0;0;0;0;0;0;0;0;0;1;0;1876;0;0;0;0;0;0;0;0;0;0;0;16;0
;Physidae;Physella;Physella acuta;0;0;0;0;0;0;0;0;0;0;0;0;48;82;0;0;0;0;0;0;42;0;0;0;0;0;0;0;0;0;0;0;0;0;0;0;0;0;0;0
Odonata;Libellulidae;;Libellulidae;0;0;0;0;0;0;0;0;0;0;0;0;0;0;0;0;0;0;0;0;0;0;145;0;0;0;0;0;0;0;0;0;0;49;0;0;0;0;0;7
Diptera;Psychodidae;;Psychodidae;0;0;0;0;0;0;0;0;0;0;0;0;0;0;0;0;0;0;0;0;0;0;0;0;0;0;0;0;0;0;0;0;0;0;0;163;0;0;0;0
Diptera;Muscidae;Limnophora;Limnophora riparia;0;0;0;0;0;0;0;0;0;0;0;0;0;0;0;0;0;0;0;0;0;0;0;0;0;0;0;0;0;0;0;0;0;177;0;0;0;0;0;0
Diptera;Ceratopogonidae;Dasyhelea;Dasyhelea notata;0;0;0;0;0;0;0;0;0;0;0;0;0;0;0;0;0;0;0;0;0;0;0;0;0;0;0;0;0;0;0;0;0;0;0;0;0;0;0;0
Odonata;Coenagrionidae;Pyrrhosoma;Pyrrhosoma;0;0;0;0;0;0;16;0;0;0;0;0;91;0;3;14;0;0;0;2;0;0;0;0;0;0;0;0;0;0;0;0;0;0;0;16;0;0;0;0
Coleoptera;Dryopidae;;Dryopidae;0;0;0;0;0;0;0;0;0;0;0;0;119;0;0;266;0;0;0;0;0;0;0;0;0;1;0;0;0;0;0;0;0;0;0;0;0;0;0;0
Coleoptera;Hydrophilidae;Laccobius;Laccobius;0;0;0;0;152;0;0;0;0;0;0;0;0;0;0;0;0;0;0;0;0;0;0;0;0;0;0;0;0;0;0;0;0;0;0;0;6;0;0;0
;Physidae;Physella;Physella acuta;0;0;0;0;0;0;0;0;0;0;135;30;0;0;0;0;0;0;0;0;0;0;0;0;0;0;0;0;0;0;0;0;0;0;0;0;0;0;0;0
Odonata;;;Odonata;0;0;0;0;0;0;0;0;0;0;0;0;0;0;0;0;0;0;0;0;0;0;0;145;0;20;0;0;0;0;0;0;0;0;0;0;0;0;0;0
Odonata;;;Odonata;0;0;0;0;0;0;69;0;0;0;0;0;0;0;0;0;0;0;0;0;0;0;38;125;0;7;0;0;0;0;0;0;0;0;0;0;0;0;0;0
Coleoptera;Hydraenidae;Hydraena;Hydraena;0;0;0;0;0;0;85;0;0;0;0;0;0;0;0;0;0;0;0;0;0;4;0;0;0;0;0;1;0;0;0;0;0;0;0;0;0;0;0;0
Odonata;Libellulidae;;Libellulidae;0;0;0;0;0;1;0;0;0;0;0;0;0;0;0;0;0;0;0;0;0;0;0;0;0;0;0;0;0;0;0;0;0;137;0;21;0;0;0;0
Coleoptera;Hydrophilidae;Laccobius;Laccobius;0;0;0;0;10;0;0;0;0;0;0;0;0;0;0;0;0;0;0;0;0;0;0;0;0;0;144;0;0;0;0;0;0;0;0;0;0;0;0;0
Odonata;Libellulidae;;Libellulidae;0;0;0;0;0;0;0;0;0;46;0;0;0;0;0;0;0;0;0;0;0;0;0;0;0;0;0;0;0;0;0;0;0;0;0;0;0;54;0;0
Odonata;Libellulidae;;Libellulidae;0;0;0;0;0;0;0;0;0;10;0;0;0;0;0;0;0;0;0;0;0;0;0;146;0;0;0;0;0;0;0;0;0;0;0;0;0;0;0;0
Diptera;;;Diptera;0;0;0;0;0;0;0;0;0;0;0;0;0;0;0;0;0;0;0;0;0;0;8;0;0;0;0;0;0;0;0;0;0;0;0;0;67;0;17;0
Trombidiformes;Hydrodromidae;Hydrodroma;Hydrodroma;0;0;0;0;0;0;0;0;0;0;0;0;0;0;0;0;0;142;0;0;0;0;0;0;0;0;0;0;0;0;0;0;0;0;0;0;0;0;0;0
Coleoptera;Scirtidae;;Scirtidae;0;0;0;0;0;0;0;0;0;0;0;0;0;0;0;0;0;0;0;0;0;0;0;0;0;0;0;0;0;0;0;0;0;146;0;0;0;0;0;0
Odonata;;;Odonata;0;0;0;0;0;0;37;0;0;18;0;0;0;0;0;0;0;0;0;0;0;0;0;0;0;0;0;0;0;0;0;0;0;0;0;0;0;99;0;2
Coleoptera;Hydrophilidae;Laccobius;Laccobius;0;0;0;0;9;0;0;0;0;0;0;0;0;0;0;0;0;0;0;0;0;0;0;0;0;0;133;0;0;0;0;0;0;0;0;0;0;0;0;0
Coleoptera;Hydrophilidae;Laccobius;Laccobius;0;0;0;102;0;0;0;0;61;0;0;0;0;0;0;0;0;0;0;0;0;0;0;0;112;0;0;0;0;0;0;0;0;0;0;0;0;0;0;0
Sphaeriida;Sphaeriidae;Pisidium;Pisidium obtusale;0;0;0;0;0;0;0;0;0;0;0;0;0;0;0;0;0;0;0;0;0;0;0;0;0;0;0;0;0;0;0;0;0;0;0;0;0;126;0;0
Odonata;Coenagrionidae;Pyrrhosoma;Pyrrhosoma;0;0;0;0;0;0;0;0;0;0;0;0;111;0;1;6;0;0;0;0;2;0;0;0;0;0;0;0;0;0;0;0;0;0;0;0;0;0;0;0
Diptera;Stratiomyidae;;Stratiomyidae;0;0;0;0;5;0;0;0;0;0;0;0;44;0;0;0;0;0;0;0;0;0;0;0;91;0;0;0;0;0;0;0;0;0;0;0;0;0;0;0
Coleoptera;Hydrophilidae;Laccobius;Laccobius;0;0;0;0;8;0;0;0;0;0;0;0;0;0;0;0;0;0;0;0;0;0;0;0;0;0;71;0;0;0;0;0;0;0;0;0;0;0;0;0
Ephemeroptera;Ephemerellidae;Serratella;Serratella ignita;0;0;0;0;0;0;0;0;0;0;0;0;0;0;0;0;0;0;0;0;0;0;0;0;0;0;0;0;0;0;0;0;0;131;0;0;0;0;0;0
Coleoptera;Dytiscidae;Agabus;Agabus bipustulatus;0;0;0;142;0;0;0;0;0;0;0;0;0;0;0;0;0;0;0;0;0;0;0;0;0;0;0;0;0;0;0;0;0;0;0;0;0;0;0;0
Odonata;Gomphidae;Gomphus;Gomphus;0;0;0;0;0;0;0;0;0;0;0;0;0;0;0;0;0;0;0;0;0;0;0;0;0;0;0;0;1;0;0;0;0;0;0;0;0;0;0;0
Diptera;;;Diptera;0;0;0;0;0;0;0;0;0;0;0;0;0;0;0;0;0;0;0;0;0;0;0;0;0;0;140;0;0;0;0;0;0;0;0;0;0;0;0;0
Coleoptera;Hydrophilidae;Laccobius;Laccobius;0;0;0;0;0;0;0;0;0;0;0;0;0;0;0;0;0;0;0;0;0;0;0;0;0;0;1279;0;0;0;0;0;0;0;0;0;0;0;0;0
Diptera;Chironomidae;;Chironomidae;0;0;0;0;0;0;0;0;0;0;0;0;137;0;0;0;0;0;0;0;0;0;0;0;0;0;0;0;0;0;0;0;0;0;0;0;0;0;0;0
Coleoptera;Hydrophilidae;Laccobius;Laccobius;0;0;0;0;55;0;0;0;0;0;0;0;0;0;0;0;0;0;0;0;0;0;0;0;0;0;0;0;0;0;0;0;0;0;0;0;73;0;0;0
Odonata;Lestidae;Sympecma;Sympecma fusca;0;0;0;0;0;0;0;0;0;137;0;0;0;0;0;0;0;0;0;0;0;0;0;0;0;0;0;0;0;0;0;0;0;0;0;0;0;0;0;0
Odonata;Coenagrionidae;Coenagrion;Coenagrion caerulescens;0;0;0;0;0;0;0;0;0;0;0;0;0;0;0;0;0;0;136;0;0;0;0;0;0;0;0;0;0;0;0;0;0;0;0;0;0;0;0;0
Coleoptera;Dryopidae;Dryops;Dryops luridus;36;0;0;0;0;0;0;0;0;0;0;0;0;0;0;0;0;0;0;0;0;0;0;0;0;0;0;0;0;0;0;0;0;0;0;0;0;102;0;0
Coleoptera;Hydrophilidae;Laccobius;Laccobius;0;0;0;0;0;0;0;0;0;0;106;30;0;0;0;0;0;0;0;0;0;0;0;0;0;0;0;0;0;0;0;0;0;0;0;0;0;0;0;0
Diptera;;;Diptera;0;0;0;0;0;0;86;0;0;0;0;0;0;0;0;0;0;0;0;0;0;0;0;0;0;0;0;0;0;0;0;0;0;0;3;0;0;0;0;0
Coleoptera;Elmidae;Oulimnius;Oulimnius rivularis;0;0;0;16;0;0;0;0;0;0;0;0;0;0;0;0;0;0;0;0;0;0;0;0;0;1;0;0;0;0;0;0;0;117;1;0;0;0;0;0
Diptera;Chironomidae;Limnophyes;Limnophyes;0;0;0;0;3;0;0;0;0;0;0;0;0;0;0;0;0;0;0;0;0;1;3;0;0;3;0;0;0;0;0;0;0;0;0;274;0;0;23;0
Diptera;Dolichopodidae;;Dolichopodidae;0;0;0;0;0;0;0;0;0;0;130;29;0;0;0;0;0;0;0;0;0;0;0;0;0;0;0;0;0;0;0;0;0;0;0;0;0;0;0;0
Ephemeroptera;Baetidae;Centroptilum;Centroptilum luteolum;0;0;0;0;0;0;0;0;0;0;0;0;0;3;0;0;0;0;0;0;0;0;0;0;0;0;0;0;0;0;0;0;0;0;0;128;0;0;0;0
Diptera;Chironomidae;;Chironomidae;0;0;0;0;0;0;0;0;0;0;0;0;0;0;0;0;0;0;0;0;0;0;0;0;0;0;0;0;0;0;0;0;0;0;0;0;0;132;0;0
Coleoptera;Dytiscidae;Dytiscus;Dytiscus;0;0;0;0;0;0;0;0;0;0;0;0;0;0;0;0;0;0;0;0;14;0;0;0;0;0;0;0;0;0;0;0;0;100;0;0;0;0;0;0
Odonata;;;Odonata;0;0;0;0;0;0;0;0;0;0;0;0;47;0;0;0;0;0;0;0;0;0;60;0;0;18;0;0;0;0;0;0;0;0;0;0;0;0;0;0
Trichoptera;;;Trichoptera;0;0;0;0;0;0;0;0;0;0;0;0;110;0;0;0;0;0;0;0;0;0;0;0;0;0;0;0;0;0;0;0;0;0;0;0;0;0;0;0
Lumbriculida;Lumbriculidae;Lumbriculus;Lumbriculus;0;0;0;5;0;0;0;0;0;0;0;0;0;2;0;0;0;0;0;0;0;0;0;0;0;0;0;0;0;0;0;0;0;0;0;0;0;0;0;0
Coleoptera;Dryopidae;;Dryopidae;0;0;0;0;3;0;0;0;0;0;0;0;44;0;0;78;0;0;0;0;0;0;0;0;0;0;0;0;0;0;0;0;0;0;0;0;0;0;0;0
Ephemeroptera;Leptophlebiidae;Habrophlebia;Habrophlebia;0;0;0;0;0;0;0;0;0;0;0;0;0;0;0;0;0;0;0;0;0;0;0;0;0;0;0;0;0;0;0;0;0;0;0;0;0;0;0;0
Coleoptera;Dytiscidae;Stictonectes;Stictonectes;0;0;0;0;0;0;0;0;0;0;0;0;0;0;0;0;0;0;0;0;0;0;3;0;0;59;0;0;0;0;19;0;0;0;0;37;0;0;0;0
Coleoptera;Hydrophilidae;;Hydrophilidae;0;0;0;0;11;0;0;0;0;0;0;0;0;0;0;0;0;0;0;0;0;0;0;0;1;0;109;0;0;0;0;0;0;0;0;0;0;0;0;0
Odonata;Libellulidae;;Libellulidae;1;0;0;0;0;0;0;0;0;60;0;0;0;0;0;0;0;0;0;0;0;0;0;0;0;22;0;0;0;0;0;0;51;0;0;0;0;0;0;0
Odonata;;;Odonata;0;0;0;0;0;0;0;0;0;0;0;0;0;0;0;0;0;0;0;0;0;0;103;0;0;13;0;0;0;0;0;0;0;0;0;0;0;0;0;0
Odonata;Libellulidae;;Libellulidae;0;0;0;0;0;0;0;0;0;0;0;0;0;0;0;0;0;0;0;0;0;0;0;0;0;83;0;0;0;0;0;0;56;0;0;0;0;0;0;0
Diptera;Stratiomyidae;;Stratiomyidae;0;0;0;0;0;0;0;0;0;0;0;0;0;0;0;0;0;0;0;0;0;0;0;0;81;0;0;0;0;0;0;0;0;0;0;0;0;0;0;0
Odonata;Lestidae;;Lestidae;0;0;0;0;0;0;0;0;0;0;0;0;0;0;0;0;0;0;0;1;0;0;0;0;0;4;0;0;0;0;0;36;18;0;0;0;0;28;0;0
Lumbriculida;Lumbriculidae;Lumbriculus;Lumbriculus variegatus;0;0;0;0;0;0;0;0;0;0;0;0;0;0;0;0;0;0;0;0;0;0;0;0;0;0;0;0;0;0;0;0;0;0;0;100;0;0;0;0
Coleoptera;Hydrophilidae;Laccobius;Laccobius;1;0;0;66;0;0;0;0;0;0;0;0;71;0;0;0;0;0;0;0;0;0;0;0;0;0;0;0;0;0;0;0;0;0;0;0;0;0;0;0
Coleoptera;Hydrophilidae;Laccobius;Laccobius;0;0;0;0;23;0;0;0;0;0;0;0;0;0;0;0;0;0;0;0;0;0;0;0;0;0;89;0;0;0;0;0;0;0;0;0;0;0;0;0
Coleoptera;Hydrophilidae;Laccobius;Laccobius;0;0;0;0;0;0;0;0;0;0;0;0;0;0;0;0;0;0;0;0;0;0;0;0;0;0;188;0;0;0;0;0;0;0;0;0;0;0;11;0
Diptera;Psychodidae;;Psychodidae;0;0;0;0;0;0;0;0;0;0;0;0;0;0;0;0;0;0;0;0;0;0;0;0;0;0;0;0;0;0;0;0;0;93;0;0;0;0;0;0
Diptera;Tabanidae;Chrysops;Chrysops caecutiens;0;0;0;0;0;0;42;0;0;0;0;0;0;0;0;0;0;0;0;0;0;0;0;25;0;0;0;0;0;0;0;0;0;0;0;54;0;0;0;0
Diptera;Chironomidae;;Chironomidae;0;0;0;0;0;0;0;0;0;0;0;0;45;0;0;0;0;0;0;0;0;0;0;0;0;1;0;0;0;0;0;0;0;0;0;55;21;0;0;0
Diptera;Stratiomyidae;Vanoyia;Vanoyia tenuicornis;0;0;0;0;0;0;0;0;0;0;0;0;0;0;0;0;0;0;61;0;0;0;0;0;0;0;0;0;0;0;0;0;0;0;0;0;0;0;0;0
Coleoptera;Dryopidae;;Dryopidae;0;0;0;0;0;0;0;0;0;0;0;0;24;0;0;81;0;0;0;0;0;0;0;0;0;1;0;0;0;0;0;0;0;0;0;0;0;0;0;0
Trichoptera;Hydroptilidae;Hydroptila;Hydroptila;0;0;0;0;0;0;0;0;0;0;0;0;0;0;0;0;0;0;0;0;0;0;0;105;0;0;0;0;1;0;0;0;0;0;0;0;0;0;0;0
Diptera;Chironomidae;;Chironomidae;0;0;0;0;0;0;65;0;0;0;0;0;0;0;0;0;0;0;0;0;0;0;0;0;0;0;0;0;0;0;0;0;0;0;0;0;0;0;0;0
Coleoptera;Scirtidae;;Scirtidae;0;0;0;0;13;0;0;0;0;0;0;0;0;0;0;0;0;0;0;0;0;0;0;0;0;0;0;0;0;0;0;24;0;77;0;0;13;0;0;0
Diptera;Limoniidae;Erioptera;Erioptera fuscipennis;0;0;0;0;0;0;0;0;0;0;0;0;0;0;0;0;0;0;0;0;0;0;0;0;0;0;0;0;0;0;0;0;0;0;0;104;0;0;0;0
Diptera;Empididae;;Empididae;0;0;0;0;0;0;0;0;0;0;0;0;0;0;0;0;0;0;0;0;0;0;0;0;0;0;0;0;0;0;0;0;0;0;0;162;0;0;0;0
Odonata;Libellulidae;Sympetrum;Sympetrum;0;0;0;0;0;0;0;0;0;0;0;0;0;0;0;0;0;0;0;0;0;0;0;0;0;0;0;0;0;0;0;0;0;0;0;0;0;100;0;0
Coleoptera;Dryopidae;Dryops;Dryops luridus;4;0;0;0;0;0;0;0;0;0;0;0;0;0;0;0;0;0;0;0;0;0;0;38;0;0;0;0;0;0;0;0;0;0;0;0;0;83;0;0
Coleoptera;Hydrophilidae;Laccobius;Laccobius;0;0;0;0;6;0;0;0;0;0;0;0;0;0;0;0;0;0;0;0;0;0;0;0;0;0;174;0;0;0;0;0;0;0;0;0;0;0;0;0
Tubificida;Naididae;Pristina;Pristina;0;0;0;0;0;0;0;0;108;0;0;0;0;0;0;0;0;0;0;0;0;0;0;0;0;0;0;0;1;0;0;0;0;0;0;0;0;0;0;0
Coleoptera;;;Coleoptera;0;0;0;0;0;0;0;0;0;0;0;0;0;2;0;0;0;0;0;0;0;0;0;0;0;0;0;0;0;0;0;0;0;79;0;0;0;0;0;0
Plecoptera;Leuctridae;Leuctra;Leuctra fusca;0;0;0;0;0;0;0;0;0;0;0;0;0;0;0;151;0;0;0;0;0;0;0;0;0;0;0;0;0;0;0;0;0;0;0;0;0;0;0;0
Trombidiformes;Hydrodromidae;Hydrodroma;Hydrodroma;0;0;0;0;0;0;0;0;0;0;0;0;0;0;0;0;33;0;0;0;0;0;0;0;0;0;0;0;0;0;0;0;0;62;0;0;0;0;0;0
Coleoptera;Dryopidae;;Dryopidae;0;0;0;0;0;0;0;0;0;0;0;0;0;0;0;79;0;0;0;0;0;0;0;0;0;0;0;0;0;0;0;0;0;0;0;0;0;0;0;0
Coleoptera;Dytiscidae;Graptodytes;Graptodytes;0;0;0;0;0;0;0;0;0;0;0;0;0;0;0;0;0;0;0;0;0;0;0;0;0;0;0;0;0;0;40;51;0;0;0;0;0;0;0;0
Coleoptera;;;Coleoptera;0;0;0;0;0;0;0;0;0;0;0;0;0;0;0;59;0;0;0;0;0;0;0;0;0;0;0;0;0;0;0;0;0;0;0;0;0;0;0;0
Coleoptera;Hydrophilidae;Laccobius;Laccobius;0;0;0;0;0;0;0;0;0;0;0;0;0;0;0;0;0;0;0;0;0;0;0;0;0;0;408;0;0;0;0;0;0;0;0;0;0;0;6;0
Trombidiformes;;;Trombidiformes;0;0;0;24;0;0;0;0;0;0;0;0;0;0;0;0;0;0;0;0;0;0;0;0;0;0;0;1;0;0;0;0;0;26;35;0;0;0;0;0
Diptera;Chironomidae;;Chironomidae;0;0;0;0;0;0;0;0;0;0;0;0;0;0;0;0;0;0;0;0;0;0;0;0;0;0;0;0;0;0;0;0;0;0;0;0;0;0;115;0
Coleoptera;Hydrophilidae;Laccobius;Laccobius;0;0;0;0;0;0;0;0;0;0;0;0;0;0;0;0;0;0;0;0;0;0;0;0;0;0;88;0;0;0;0;0;0;0;0;0;0;0;0;0
Ephemeroptera;Leptophlebiidae;Habrophlebia;Habrophlebia;0;0;0;0;0;0;0;0;0;0;0;0;0;0;0;0;0;0;0;0;0;0;0;0;0;0;0;0;0;0;0;0;0;0;35;0;0;0;0;0
Odonata;;;Odonata;0;0;0;0;0;0;23;0;0;0;0;0;0;0;0;0;0;0;0;0;0;0;0;0;0;0;0;0;0;0;0;0;0;0;0;0;0;64;0;1
Diptera;Chironomidae;;Chironomidae;0;0;0;0;0;0;0;0;0;0;0;0;0;0;0;0;0;0;0;0;0;0;2;0;0;0;0;0;0;0;0;0;0;0;0;95;0;0;0;0
Diptera;;;Diptera;0;0;9;0;0;2;0;0;50;0;0;0;22;0;5;0;0;0;0;0;0;0;0;0;0;0;0;0;0;0;0;0;0;0;0;0;0;0;0;0
Coleoptera;Hydrophilidae;Laccobius;Laccobius sinuatus;1;0;0;0;84;0;0;0;0;0;0;0;0;0;0;0;0;0;0;0;0;0;0;0;0;0;0;0;0;0;0;0;0;0;0;0;0;0;0;0
Diptera;Culicidae;;Culicidae;0;0;0;0;0;0;0;0;0;0;0;0;51;0;0;0;0;0;0;0;0;0;0;0;0;0;0;0;0;0;0;0;0;0;0;0;0;0;0;0
Odonata;Libellulidae;;Libellulidae;0;0;0;0;0;0;0;0;0;0;0;0;0;0;0;0;0;0;0;0;0;0;0;0;0;0;0;0;0;0;0;0;0;0;0;0;0;151;0;0
;Physidae;Physella;Physella acuta;3;0;0;0;0;0;0;0;0;22;8;50;0;0;0;0;0;0;0;0;0;0;0;0;0;0;0;0;0;0;0;0;0;0;0;0;0;0;0;0
Diptera;Chironomidae;;Chironomidae;0;0;0;7;0;0;54;0;0;0;0;0;0;0;0;0;6;0;0;0;0;0;0;0;0;0;0;0;0;0;0;0;0;0;0;0;0;0;0;0
Coleoptera;Hydraenidae;Limnebius;Limnebius nitidus;0;0;0;0;0;0;0;0;0;0;0;0;0;0;0;0;0;0;0;0;0;0;0;0;0;0;0;0;0;0;60;0;0;0;0;0;0;0;0;0
Diptera;Chironomidae;;Chironomidae;0;0;0;0;0;0;24;0;0;0;0;0;49;0;0;0;0;0;0;0;0;0;0;0;0;0;0;0;0;0;0;0;0;0;0;0;0;0;0;0
Coleoptera;Hydrophilidae;Laccobius;Laccobius;0;0;0;0;0;0;0;0;0;0;0;0;0;0;0;0;0;0;0;0;0;0;0;0;0;0;140;0;0;1;0;0;0;0;0;0;0;0;0;0
Diptera;Ceratopogonidae;;Ceratopogonidae;0;0;0;0;0;0;0;0;0;0;0;0;0;0;0;0;0;0;0;0;0;0;0;0;0;0;0;0;0;0;0;0;0;0;0;78;0;0;0;0
Coleoptera;Dryopidae;Dryops;Dryops luridus;0;0;0;0;0;0;0;0;0;0;0;0;0;0;0;0;0;0;0;0;0;0;0;0;0;0;0;0;0;0;0;0;0;0;0;0;0;68;0;0
Lumbriculida;Lumbriculidae;;Lumbriculidae;0;0;0;0;0;0;0;0;0;0;0;0;0;0;0;0;0;1;0;0;0;0;0;0;0;0;0;0;0;0;0;0;0;0;0;70;0;0;0;0
Diptera;Tabanidae;Chrysops;Chrysops caecutiens;0;0;0;0;0;0;0;0;0;0;0;0;0;0;0;0;0;0;0;0;0;0;0;0;0;0;0;0;0;0;0;0;0;0;0;76;0;0;0;0
Odonata;Libellulidae;;Libellulidae;0;0;0;0;0;0;0;0;0;0;0;0;0;0;0;0;0;0;0;0;0;0;1;0;0;76;0;0;0;0;0;0;0;0;0;0;0;0;0;0
Trombidiformes;Pionidae;Forelia;Forelia variegator;0;0;0;0;0;0;0;0;0;0;0;0;0;0;0;0;0;0;0;0;0;0;0;74;0;0;0;0;0;0;0;0;0;0;0;0;0;0;0;0
Odonata;Libellulidae;Libellula;Libellula depressa;0;0;0;0;0;0;0;0;0;0;0;0;0;0;0;0;0;0;0;0;0;3;0;0;0;0;0;0;0;0;0;0;0;0;0;0;0;0;73;0
Diptera;Ceratopogonidae;;Ceratopogonidae;0;0;0;24;0;0;27;0;0;0;0;0;0;0;0;0;0;0;0;0;0;0;0;0;0;0;0;0;0;0;0;0;0;0;0;0;0;0;0;0
Hemiptera;Veliidae;Velia;Velia caprai;0;0;0;0;0;0;0;0;0;0;0;0;0;0;0;6;0;0;0;0;0;0;0;0;0;0;56;0;0;0;0;0;0;0;0;0;7;0;0;0
Diptera;Chironomidae;Procladius;Procladius crassinervis;0;0;0;0;0;0;0;0;0;0;0;0;51;0;0;0;0;0;0;0;0;0;0;0;0;0;0;0;0;0;0;0;0;0;0;0;0;0;15;0
Coleoptera;Hydrophilidae;Laccobius;Laccobius;0;0;0;0;12;0;0;0;0;0;0;0;0;0;0;0;0;0;0;0;0;0;0;0;0;0;45;0;0;0;0;0;0;0;0;0;0;0;0;0
Coleoptera;Dytiscidae;Bidessus;Bidessus minutissimus;0;0;0;0;0;0;0;0;0;0;32;18;0;0;9;0;0;0;0;0;0;0;0;0;0;0;0;0;0;0;0;0;0;0;0;0;0;0;0;0
Coleoptera;Hydrophilidae;Laccobius;Laccobius;0;0;0;0;8;0;0;0;0;0;0;0;0;0;0;0;0;0;0;0;0;0;0;0;0;0;62;0;0;0;0;0;0;0;0;0;0;0;0;0
Tubificida;Naididae;;Naididae;0;0;0;0;0;0;0;0;0;0;0;0;0;0;0;0;0;0;0;0;0;0;0;0;0;0;0;0;0;0;0;0;0;0;23;0;0;0;0;0
Diptera;Ceratopogonidae;;Ceratopogonidae;0;0;0;0;0;0;45;0;0;0;0;0;0;0;0;0;0;0;0;0;0;0;0;0;0;0;0;0;0;0;0;0;0;0;0;0;0;0;0;0
Coleoptera;Dytiscidae;Stictonectes;Stictonectes lepidus;0;0;0;0;0;0;0;0;0;0;0;0;0;0;0;0;0;0;0;0;0;0;0;0;0;0;0;0;0;0;0;0;67;0;0;0;0;0;0;0
Odonata;Lestidae;;Lestidae;1;0;0;0;0;0;0;0;0;0;0;0;0;0;0;0;0;0;0;0;0;0;4;0;0;2;0;0;0;0;12;0;0;27;0;0;0;0;0;0
Hemiptera;Veliidae;Velia;Velia caprai;0;0;0;0;0;0;0;0;0;0;0;0;0;0;0;0;0;0;0;0;0;0;0;0;0;0;0;67;0;0;0;0;0;0;0;0;0;0;0;0
Diptera;Culicidae;Culex;Culex impudicus;0;0;0;0;0;0;0;0;0;0;0;0;65;0;0;0;0;0;0;0;0;0;0;0;0;0;0;0;0;0;0;0;0;0;0;0;0;0;0;0
Hemiptera;Gerridae;Gerris;Gerris gibbifer;0;0;0;0;3;0;0;0;0;0;0;0;0;0;0;0;0;0;0;0;0;0;0;0;0;0;0;0;0;0;48;0;0;0;0;0;0;0;0;0
Diptera;;;Diptera;0;0;0;0;0;0;0;0;0;0;0;0;0;0;0;0;0;0;0;0;0;0;0;0;0;0;0;0;0;0;0;0;0;0;0;0;0;0;0;0
Coleoptera;Hydrophilidae;Laccobius;Laccobius;0;0;0;0;0;0;0;0;0;0;0;0;0;0;0;0;0;0;0;0;0;0;0;0;0;0;63;0;0;0;0;0;0;0;0;0;0;0;0;0
Coleoptera;Hydrophilidae;Laccobius;Laccobius;0;0;0;0;11;0;0;0;0;0;0;0;0;0;0;0;0;0;0;0;0;0;0;0;0;0;52;0;0;0;0;0;0;0;0;0;0;0;0;0
Odonata;Coenagrionidae;Coenagrion;Coenagrion mercuriale;0;0;0;0;0;0;0;0;0;0;0;0;0;0;1;0;0;45;0;0;0;0;0;0;0;0;0;0;0;0;0;0;0;0;0;0;0;0;0;0
Coleoptera;Dytiscidae;Deronectes;Deronectes;0;0;0;0;0;0;0;0;0;0;0;0;0;0;0;0;0;0;0;0;0;0;0;0;0;0;0;0;0;0;62;0;0;0;0;0;0;0;0;0
Coleoptera;Haliplidae;Haliplus;Haliplus lineatocollis;0;0;0;0;0;0;0;0;0;0;0;0;0;0;45;0;0;0;0;0;0;0;0;0;0;0;0;0;0;1;0;0;0;0;0;0;0;0;0;0
Diptera;Chironomidae;;Chironomidae;0;0;0;0;0;0;0;0;0;0;0;0;0;0;0;0;0;0;0;0;0;0;0;0;0;0;0;0;0;0;0;0;62;0;0;0;0;0;0;0
Coleoptera;Hydrophilidae;Helochares;Helochares lividus;0;0;0;0;0;0;62;0;0;0;0;0;0;0;0;0;0;0;0;0;0;0;0;0;0;0;0;0;0;0;0;0;0;0;0;0;0;0;0;0
Ephemeroptera;Baetidae;Cloeon;Cloeon;0;0;0;0;0;0;0;0;0;15;1;0;0;0;0;0;0;0;20;0;0;1;1;0;0;0;0;0;0;0;0;0;0;0;27;0;0;0;0;0
Hemiptera;Gerridae;;Gerridae;0;0;0;0;57;0;0;0;0;0;0;0;22;0;0;0;0;0;0;0;0;0;0;0;2;6;0;0;0;0;0;0;0;0;0;0;0;0;0;0
Coleoptera;Hydrophilidae;Laccobius;Laccobius;0;0;0;0;7;0;0;0;0;0;0;0;0;0;0;0;0;0;0;0;0;0;0;0;0;0;55;0;0;0;0;0;0;0;0;0;0;0;0;0
Diptera;Simuliidae;Simulium;Simulium intermedium;0;0;0;0;0;0;0;0;0;0;0;0;0;0;14;0;0;0;0;0;0;0;0;0;0;0;8;0;13;0;0;0;0;0;0;0;0;0;0;0
Coleoptera;Hydrophilidae;Laccobius;Laccobius;0;0;0;0;28;0;0;0;0;0;0;0;0;0;0;0;0;0;0;0;0;0;0;0;0;0;104;0;0;0;0;0;0;0;0;0;0;0;0;0
Diptera;Chironomidae;Psectrocladius;Psectrocladius schlienzi;0;0;0;0;0;0;0;59;0;0;0;0;0;0;0;0;0;0;0;0;0;0;0;0;0;0;0;0;0;0;0;0;0;0;0;0;0;0;0;0
Coleoptera;Haliplidae;Haliplus;Haliplus mucronatus;0;0;0;0;0;0;0;0;0;0;0;0;39;0;0;0;0;0;0;0;0;0;0;0;0;0;0;0;0;0;0;0;0;0;0;0;0;0;0;0
Coleoptera;Dytiscidae;Stictonectes;Stictonectes;0;0;0;0;0;0;0;0;0;0;0;0;0;0;0;0;0;0;0;0;0;0;0;0;0;0;0;0;0;0;23;0;35;0;0;0;0;0;0;0
Tubificida;Naididae;Nais;Nais communis;0;0;0;3;0;0;0;0;0;0;0;0;0;0;2;0;0;0;0;0;0;0;0;0;0;0;0;0;1;0;0;0;0;0;39;0;0;0;6;0
Diptera;Chironomidae;;Chironomidae;0;0;0;0;0;0;0;0;0;0;0;0;0;0;0;55;0;0;0;0;0;0;0;0;0;0;0;0;0;0;0;0;0;0;0;0;0;0;0;0
Diptera;Chironomidae;;Chironomidae;0;0;0;0;0;0;35;0;0;0;0;0;0;0;0;0;0;0;0;0;0;0;0;0;0;0;0;0;0;0;0;0;0;0;0;0;0;0;0;0
Rhynchobdellida;Glossiphoniidae;Helobdella;Helobdella stagnalis;0;0;0;0;0;0;0;0;0;0;0;0;0;0;0;0;0;0;0;0;0;0;0;0;0;0;0;0;0;0;0;0;0;0;0;53;0;0;0;0
Coleoptera;Hydrophilidae;Laccobius;Laccobius;0;0;0;0;64;0;0;0;0;0;0;0;0;0;0;0;0;0;0;0;0;0;0;0;0;0;0;0;0;0;0;0;0;0;0;0;0;0;0;0
Plecoptera;Nemouridae;Nemoura;Nemoura cinerea;0;0;0;0;0;0;0;0;0;0;0;0;0;0;0;0;0;0;0;0;0;0;0;0;0;0;0;0;0;0;0;0;0;0;32;0;0;0;0;0
Diptera;Chironomidae;Tanytarsus;Tanytarsus signatus;0;0;0;32;0;0;0;0;0;0;0;0;0;0;0;0;0;0;0;0;0;0;0;0;0;0;0;0;0;0;0;0;0;0;1;0;0;0;0;0
Coleoptera;Hydrophilidae;Laccobius;Laccobius;0;0;0;0;0;0;0;0;0;0;0;0;0;0;0;0;0;0;0;0;0;0;0;0;0;0;416;0;0;0;0;0;0;0;0;0;0;0;0;0
Diptera;Chironomidae;Ablabesmyia;Ablabesmyia;0;0;0;0;0;0;0;0;0;0;0;0;0;0;0;0;0;0;0;0;0;0;0;0;0;0;0;0;0;0;0;0;0;0;1;0;0;0;0;0
Odonata;Aeshnidae;;Aeshnidae;0;0;0;0;0;0;0;0;0;0;0;0;38;0;0;0;0;0;0;0;0;0;0;0;0;0;0;0;0;0;0;0;0;0;0;0;0;0;0;0
Coleoptera;Hydrophilidae;Laccobius;Laccobius;0;0;0;0;0;0;0;0;0;0;0;0;0;0;0;0;0;0;0;0;0;0;0;0;0;0;49;0;0;0;0;0;0;0;0;0;0;0;0;0
Diptera;Chironomidae;Cricotopus;Cricotopus;0;0;0;0;0;0;0;0;0;0;0;0;0;0;0;48;0;0;0;0;0;0;0;0;0;0;0;0;0;0;0;0;0;0;0;0;0;0;0;0
Trombidiformes;Eupodidae;;Eupodidae;0;0;0;0;0;0;0;0;0;0;36;12;0;0;0;0;0;0;0;0;0;0;0;0;0;0;0;0;0;0;0;0;0;0;0;0;0;0;0;0
Ephemeroptera;Baetidae;Procloeon;Procloeon;0;0;0;0;0;0;0;0;0;0;0;0;0;0;0;0;0;0;0;0;0;0;0;0;0;0;0;0;0;0;0;0;0;0;0;0;0;0;0;0
Odonata;Libellulidae;;Libellulidae;0;0;0;0;0;0;0;0;0;0;0;0;0;0;0;0;0;0;0;0;0;0;42;0;0;1;0;0;0;0;0;0;0;0;0;0;0;0;0;0
Diptera;Psychodidae;Pericoma;Pericoma diversa;0;0;0;0;0;0;0;0;0;0;0;0;0;0;0;0;0;0;0;0;0;0;0;0;0;0;0;0;0;0;0;0;0;47;0;0;0;0;0;0
Coleoptera;Hydrophilidae;Laccobius;Laccobius;0;0;0;0;91;0;0;0;0;0;0;0;0;0;0;0;0;0;0;0;0;0;0;0;0;0;0;0;0;0;0;0;0;0;0;0;0;0;0;0
Diptera;Stratiomyidae;Oxycera;Oxycera;0;0;0;0;5;0;0;0;0;0;0;0;0;0;0;0;0;0;0;0;0;0;0;0;0;0;0;0;0;0;0;0;0;0;0;0;0;0;0;0
Trombidiformes;;;Trombidiformes;0;0;0;0;0;0;0;0;0;0;0;0;0;0;0;0;0;0;0;0;0;0;0;0;0;0;0;0;0;0;0;0;0;0;0;0;0;0;46;0
Trombidiformes;Hydrodromidae;Hydrodroma;Hydrodroma;0;0;0;0;0;0;0;0;0;0;0;0;0;0;0;0;7;3;0;0;10;0;0;0;0;1;0;0;0;0;0;0;29;0;0;0;0;0;0;0
Coleoptera;Elmidae;Riolus;Riolus cupreus;0;0;0;0;0;0;0;0;0;0;0;0;0;0;0;0;0;0;0;0;0;0;0;0;0;24;0;0;0;0;0;0;0;0;1;22;0;0;0;0
Coleoptera;Hydrophilidae;Laccobius;Laccobius;0;0;0;0;0;0;0;0;0;0;0;0;0;0;0;0;0;0;0;0;0;0;0;0;0;0;46;0;0;0;0;0;0;0;0;0;0;0;0;0
Coleoptera;Hydrophilidae;Laccobius;Laccobius;0;0;0;0;0;0;0;0;0;0;0;0;0;0;0;0;0;0;0;0;0;0;0;0;0;0;44;0;0;0;0;0;0;0;0;0;0;0;0;0
Diptera;Athericidae;;Athericidae;0;0;0;0;0;0;0;0;0;0;0;0;0;0;0;0;0;0;0;0;0;0;0;0;0;0;0;0;0;0;0;0;0;0;0;87;0;41;0;0
Hemiptera;Corixidae;Corixa;Corixa;0;0;0;0;0;0;0;0;0;0;0;0;0;0;0;0;0;0;0;0;0;0;0;0;0;0;0;0;0;0;0;0;0;34;0;0;0;0;0;0
Trombidiformes;Pionidae;Forelia;Forelia variegator;0;0;0;0;0;0;0;0;0;0;0;0;0;0;0;0;0;0;0;0;0;0;0;0;0;0;0;0;0;0;0;0;0;0;0;0;0;44;0;0
Coleoptera;Hydrophilidae;Laccobius;Laccobius;0;0;0;0;0;0;0;0;0;0;0;0;0;0;0;0;0;0;0;0;0;0;0;0;0;0;44;0;0;0;0;0;0;0;0;0;0;0;0;0
Coleoptera;Hydrophilidae;Laccobius;Laccobius striatulus;0;0;0;0;0;0;0;0;0;0;0;0;0;0;0;0;0;0;0;0;0;0;0;0;0;0;0;0;0;0;43;0;0;0;0;0;0;0;0;0
Coleoptera;Dytiscidae;;Dytiscidae;0;0;0;0;0;0;0;0;0;0;0;0;0;0;0;0;0;0;0;0;0;0;2;0;0;3;0;0;0;0;0;0;39;0;0;0;0;0;0;0
Tubificida;Naididae;Chaetogaster;Chaetogaster cristallinus;0;0;0;0;0;0;0;0;0;0;0;0;0;0;0;0;0;0;0;0;0;0;0;0;0;0;0;0;0;0;0;43;0;0;0;0;0;0;0;0
Diptera;Simuliidae;Simulium;Simulium intermedium;0;0;0;0;0;0;0;0;0;0;0;0;0;0;0;0;28;0;0;0;0;0;0;0;0;0;6;0;0;0;0;0;0;0;0;0;0;0;0;0
Coleoptera;Hydrophilidae;Laccobius;Laccobius striatulus;0;0;0;0;0;0;0;0;0;0;0;0;0;0;0;0;0;0;0;0;0;0;0;0;0;0;0;0;0;0;0;0;0;0;0;0;0;0;42;0
Ephemeroptera;Baetidae;Baetis;Baetis rhodani;0;0;0;0;0;0;0;0;0;0;1;0;0;4;1;0;0;0;0;0;0;0;2;0;0;0;3;0;0;2;0;0;0;0;32;0;0;0;0;1
Coleoptera;Hydrophilidae;Laccobius;Laccobius sinuatus;0;0;0;0;23;0;0;0;0;0;0;0;0;0;0;0;0;0;0;0;0;0;0;0;0;19;0;0;0;0;0;0;0;0;0;0;0;0;0;0
Hemiptera;Corixidae;Micronecta;Micronecta;0;0;0;0;0;0;0;0;0;0;0;0;0;1;4;0;0;0;0;0;0;0;0;0;0;0;0;0;0;0;0;0;0;0;22;0;0;0;0;0
Diptera;Culicidae;Culex;Culex mimeticus;3;0;0;0;0;0;0;0;0;0;0;0;0;0;0;0;0;0;0;0;0;0;0;27;0;0;0;0;0;0;0;0;0;0;0;0;0;0;0;0
Diptera;Chironomidae;;Chironomidae;0;0;0;0;0;0;0;0;0;0;0;0;0;0;0;26;0;0;0;0;0;0;0;0;0;0;0;0;0;0;0;0;0;0;0;0;0;0;15;0
Rhynchobdellida;Glossiphoniidae;Helobdella;Helobdella stagnalis;0;0;0;0;0;0;0;0;0;0;0;0;0;0;0;0;0;0;0;0;0;0;0;0;0;0;0;0;0;0;0;0;0;0;0;67;0;0;0;0
Coleoptera;Hydrophilidae;Laccobius;Laccobius;0;0;0;0;51;0;0;0;0;0;0;0;0;0;0;0;0;0;0;0;0;0;0;0;0;0;0;0;0;0;0;0;0;0;0;0;0;0;0;0
Trombidiformes;Hygrobatidae;Hygrobates;Hygrobates fluviatilis;0;0;0;0;0;0;0;0;0;0;0;0;0;0;0;0;0;0;0;0;0;0;0;0;0;0;0;0;0;0;0;0;0;0;0;0;0;0;0;0
Ephemeroptera;Heptageniidae;Electrogena;Electrogena;0;0;0;1;0;0;0;0;0;0;0;0;0;8;0;0;0;0;0;0;0;0;0;0;0;0;0;0;0;0;0;0;0;0;3;0;0;0;0;0
Trichoptera;Leptoceridae;Mystacides;Mystacides azureus;0;0;0;0;0;0;0;0;0;0;0;0;0;0;0;0;0;0;0;0;0;0;0;0;0;0;0;0;0;0;0;0;0;40;0;0;0;0;0;0
Odonata;;;Odonata;0;0;0;0;0;0;0;0;0;0;0;0;25;0;0;6;0;0;0;0;0;0;0;0;0;0;0;0;0;0;0;0;0;0;0;0;0;0;0;0
Coleoptera;;;Coleoptera;0;0;0;0;0;0;0;0;95;0;0;0;0;0;0;0;0;0;0;0;0;0;0;0;0;0;0;0;0;0;0;0;0;0;0;0;0;0;0;0
Diptera;Empididae;;Empididae;0;0;0;0;0;0;0;0;0;0;0;0;0;0;0;0;23;0;0;0;0;0;1;0;0;0;0;0;0;0;0;0;0;0;1;0;0;0;0;0
Diptera;Chironomidae;;Chironomidae;0;0;0;0;0;0;0;0;0;0;0;0;0;0;0;0;0;0;0;0;0;0;0;0;0;0;0;0;0;0;0;0;0;0;0;0;0;0;0;0
Coleoptera;Dryopidae;Dryops;Dryops luridus;0;0;0;0;0;0;0;0;0;0;0;0;0;0;0;0;0;0;0;0;0;0;0;0;0;0;0;0;0;0;0;0;0;0;0;0;0;28;0;0
Tubificida;Naididae;Tubifex;Tubifex tubifex;0;0;0;0;0;0;20;0;9;0;0;0;0;0;0;0;0;0;0;0;0;0;0;0;0;0;0;0;0;0;0;0;0;0;0;0;0;0;0;0
Coleoptera;Hydrophilidae;;Hydrophilidae;0;0;0;24;0;0;0;0;0;0;0;0;0;0;0;0;0;0;0;0;0;0;0;0;0;0;0;0;0;0;0;0;0;0;0;0;0;0;0;0
Coleoptera;Hydrophilidae;Laccobius;Laccobius;0;0;0;0;0;0;0;0;0;0;0;0;0;0;0;0;0;0;0;0;0;0;0;0;0;0;37;0;0;0;0;0;0;0;0;0;0;0;0;0
Coleoptera;Hydrophilidae;Laccobius;Laccobius;0;0;0;0;0;0;0;0;0;0;0;0;37;0;0;0;0;0;0;0;0;0;0;0;0;0;0;0;0;0;0;0;0;0;0;0;0;0;0;0
Diptera;Empididae;;Empididae;0;0;0;0;0;36;0;0;0;0;0;0;0;0;0;0;0;0;0;0;0;0;0;0;0;0;0;0;0;0;0;0;0;0;0;0;0;0;0;0
Diptera;Tabanidae;Tabanus;Tabanus;0;0;0;0;197;0;0;0;0;0;0;0;0;0;0;0;0;0;0;0;0;0;0;0;0;0;0;0;0;0;0;0;0;0;0;0;0;0;0;0
Coleoptera;Hydrophilidae;Laccobius;Laccobius;0;0;0;35;0;0;0;0;0;0;0;0;0;0;0;0;0;0;0;0;0;0;0;0;0;0;0;0;0;0;0;0;0;0;0;0;0;0;0;0
Hemiptera;Gerridae;;Gerridae;0;0;0;0;0;0;0;0;0;0;0;0;0;0;0;0;0;0;0;0;0;4;0;0;0;5;0;0;0;0;25;0;0;0;0;0;0;0;0;0
Coleoptera;Dryopidae;Dryops;Dryops;33;0;0;0;0;0;0;0;0;0;0;0;0;0;0;0;0;0;0;0;0;0;0;0;0;0;0;0;0;0;0;0;0;0;0;0;0;0;0;0
Diptera;Chironomidae;Rheopelopia;Rheopelopia;0;0;0;0;0;0;0;0;0;0;0;0;0;0;0;0;0;0;0;0;0;0;0;0;0;0;0;0;0;0;0;0;0;0;0;0;0;0;15;0
Diptera;Chironomidae;Polypedilum;Polypedilum nubeculosum;0;0;0;37;0;0;0;0;0;0;0;0;0;0;0;0;0;0;0;0;0;0;0;0;0;0;0;0;0;0;0;0;0;0;0;0;0;0;0;0
Rhynchobdellida;Glossiphoniidae;Helobdella;Helobdella stagnalis;0;0;0;0;0;0;0;0;0;0;0;0;0;0;0;0;0;0;0;0;0;0;0;0;0;0;0;0;0;0;0;0;25;0;0;67;0;0;0;0
Coleoptera;Hydrophilidae;Laccobius;Laccobius;0;0;0;17;0;0;0;0;0;0;0;0;0;0;0;0;0;0;0;0;0;0;0;0;0;0;0;0;0;0;0;0;0;0;0;15;0;0;0;0
Diptera;Chironomidae;Parametriocnemus;Parametriocnemus stylatus;0;0;0;0;0;0;0;0;0;0;0;0;0;0;0;32;0;0;0;0;0;0;0;0;0;0;0;0;0;0;0;0;0;0;0;0;0;0;0;0
Odonata;Libellulidae;;Libellulidae;0;0;0;0;0;0;0;0;0;0;0;0;40;0;0;0;0;0;0;0;0;0;0;0;0;0;0;0;0;0;0;0;0;0;0;0;0;0;0;0
Diptera;Muscidae;;Muscidae;0;0;0;0;0;0;0;0;0;0;0;0;0;0;0;0;0;0;0;0;0;0;0;0;0;0;0;0;0;0;0;32;0;0;0;0;0;0;0;0
Odonata;;;Odonata;0;0;0;0;32;0;0;0;0;0;0;0;0;0;0;0;0;0;0;0;0;0;0;0;0;0;0;0;0;0;0;0;0;0;0;0;0;0;0;0
Rhynchobdellida;Glossiphoniidae;Helobdella;Helobdella;0;0;0;0;0;0;0;0;0;0;0;0;0;0;0;0;0;0;0;0;0;0;0;0;0;0;0;0;0;0;0;0;0;0;0;25;0;0;0;0
Plecoptera;Leuctridae;Leuctra;Leuctra fusca;0;0;0;0;0;0;0;0;0;0;0;0;22;0;0;0;0;0;0;0;0;0;0;0;0;0;0;0;0;0;0;0;0;0;0;0;0;0;0;0
Trombidiformes;;;Trombidiformes;0;0;0;0;31;0;0;0;0;0;0;0;0;0;0;0;0;0;0;0;0;0;0;0;0;0;0;0;0;0;0;0;0;0;0;0;0;0;0;0
Rhynchobdellida;Glossiphoniidae;Helobdella;Helobdella;0;0;0;0;0;0;0;0;0;0;0;0;0;0;0;0;0;0;0;0;0;0;0;0;0;0;0;0;0;0;0;0;0;0;0;24;0;0;0;0
Diptera;Chironomidae;;Chironomidae;0;0;0;0;0;0;0;0;0;0;0;0;0;0;0;0;0;0;0;0;0;0;0;44;0;0;0;0;0;0;0;0;0;0;0;0;0;0;0;0
Diptera;Limoniidae;Molophilus;Molophilus obscurus;0;0;0;31;0;0;0;0;0;0;0;0;0;0;0;0;0;0;0;0;0;0;0;0;0;0;0;0;0;0;0;0;0;0;0;0;0;0;0;0
Odonata;;;Odonata;0;0;0;0;0;0;0;0;0;26;0;0;0;0;0;0;0;0;0;0;0;0;0;0;0;0;0;0;0;0;0;0;0;0;0;0;0;0;0;0
Odonata;Libellulidae;;Libellulidae;0;0;0;0;0;0;0;0;0;0;0;0;30;0;0;0;0;0;0;0;0;0;0;0;0;0;0;0;0;0;0;0;0;0;0;0;0;0;0;0
Diptera;Simuliidae;Simulium;Simulium rubzovianum;0;0;0;0;0;0;0;0;0;0;0;0;0;0;0;0;0;0;0;0;0;0;0;0;0;0;0;0;0;0;0;0;0;30;0;0;0;0;0;0
Diptera;Chironomidae;;Chironomidae;0;0;0;0;8;0;0;0;0;0;0;0;0;0;0;0;0;0;0;0;0;0;0;0;0;0;0;0;0;0;0;0;18;0;0;0;0;0;0;0
Hemiptera;;;Hemiptera;0;0;0;0;29;0;0;0;0;0;0;0;0;0;0;0;0;0;0;0;0;0;0;0;0;0;0;0;0;0;0;0;0;0;0;0;0;0;0;0
Diptera;Empididae;;Empididae;0;0;0;0;0;0;0;0;0;0;0;0;0;0;0;0;0;0;0;0;0;0;0;0;0;0;0;0;0;0;0;0;0;0;0;0;0;29;0;0
Coleoptera;Hydrophilidae;Laccobius;Laccobius;0;0;0;0;0;0;0;0;0;0;0;0;0;0;0;0;0;0;0;0;0;0;0;0;0;0;28;0;0;0;0;0;0;0;0;0;0;0;0;0
Coleoptera;Dytiscidae;Hydroporus;Hydroporus;0;0;0;0;0;0;0;0;0;0;0;3;0;1;0;0;0;0;0;0;0;0;5;0;0;0;0;0;0;0;0;0;0;0;19;0;4;0;0;1
Diptera;;;Diptera;0;0;0;14;0;0;0;0;0;0;0;0;0;0;0;0;0;0;0;0;0;0;0;0;0;0;0;0;0;0;0;0;0;0;0;0;0;0;0;0
Coleoptera;Hydrophilidae;Laccobius;Laccobius;0;0;0;0;0;0;0;0;0;0;0;0;0;0;0;0;0;0;0;0;0;0;0;0;0;0;27;0;0;0;0;0;0;0;0;0;0;0;0;0
Coleoptera;Dytiscidae;;Dytiscidae;0;0;0;0;0;0;0;0;0;0;0;0;0;0;0;0;0;0;0;0;0;0;0;0;0;0;0;0;0;0;0;0;0;23;0;0;0;0;0;0
Coleoptera;Haliplidae;Peltodytes;Peltodytes;0;0;0;0;0;0;0;0;0;0;0;0;0;0;0;0;0;0;0;0;0;0;0;26;0;0;0;0;0;0;0;0;0;0;0;0;0;0;0;0
Ephemeroptera;Baetidae;Baetis;Baetis rhodani;0;0;0;0;0;0;0;0;0;0;0;0;0;0;0;0;0;0;0;0;0;0;0;0;0;0;0;0;0;0;0;0;0;0;10;0;0;0;0;0
Diptera;Chironomidae;;Chironomidae;0;0;0;0;0;0;0;0;0;0;0;0;0;0;0;0;0;0;0;0;0;0;0;0;0;0;0;0;0;0;0;0;0;0;0;0;0;0;26;0
Coleoptera;Dytiscidae;Agabus;Agabus didymus;1;0;0;0;0;0;0;0;0;0;0;0;0;0;0;0;0;0;0;0;0;0;0;0;0;0;11;0;0;0;0;0;0;0;0;0;0;0;0;0
Odonata;;;Odonata;0;0;0;0;0;0;0;0;0;0;0;0;26;0;0;0;0;0;0;0;0;0;0;0;0;0;0;0;0;0;0;0;0;0;0;0;0;0;0;0
Odonata;Libellulidae;Sympetrum;Sympetrum;0;0;0;0;0;0;0;0;0;0;0;0;26;0;0;0;0;0;0;0;0;0;0;0;0;0;0;0;0;0;0;0;0;0;0;0;0;0;0;0
Diptera;Psychodidae;;Psychodidae;0;0;0;0;0;0;0;0;0;0;0;0;0;0;0;0;0;0;0;0;0;0;0;0;0;0;0;0;0;0;0;0;0;0;0;94;0;0;0;0
Tubificida;Naididae;;Naididae;0;0;0;0;0;0;0;0;0;0;0;0;0;0;0;6;0;0;0;15;0;0;0;0;0;0;0;0;0;0;0;0;0;0;0;0;0;0;0;0
Coleoptera;Hydrophilidae;Laccobius;Laccobius;0;0;0;0;5;0;0;0;0;0;0;0;0;0;0;0;0;0;0;0;0;0;0;0;1;0;20;0;0;0;0;0;0;0;0;0;0;0;0;0
Odonata;;;Odonata;0;0;0;0;0;0;0;0;0;0;0;0;0;0;0;0;0;0;0;0;0;0;0;0;0;0;0;0;0;0;0;0;25;0;0;0;0;0;0;0
Coleoptera;Hydrophilidae;Laccobius;Laccobius;0;0;0;0;189;0;0;0;0;0;0;0;0;0;0;0;0;0;0;0;0;0;0;0;1;0;4;0;0;0;0;0;0;0;0;0;0;0;9;0
Diptera;Tabanidae;;Tabanidae;0;0;0;0;25;0;0;0;0;0;0;0;0;0;0;0;0;0;0;0;0;0;0;0;0;0;0;0;0;0;0;0;0;0;0;0;0;0;0;0
Diptera;Chironomidae;;Chironomidae;0;0;0;0;0;0;0;0;0;0;0;0;0;0;0;0;0;0;0;0;0;0;0;0;0;0;0;0;0;0;0;0;16;0;0;0;0;0;0;0
Odonata;Platycnemididae;Platycnemis;Platycnemis acutipennis;0;0;0;0;0;0;0;0;0;0;0;0;0;0;0;0;0;0;0;0;0;0;4;0;0;0;0;1;0;1;0;0;0;0;20;0;0;0;0;0
Diptera;Psychodidae;Pneumia;Pneumia trivialis;0;0;0;0;0;0;0;0;0;0;0;0;0;0;0;0;0;0;0;0;0;0;0;0;0;0;0;0;0;0;0;0;23;0;0;0;0;0;0;0
Trichoptera;Polycentropodidae;Polycentropus;Polycentropus kingi;0;0;0;0;0;0;0;0;0;0;0;0;0;0;0;0;0;0;0;0;0;0;0;0;0;0;0;0;0;0;0;0;0;23;0;0;0;0;0;0
Tubificida;Naididae;Limnodrilus;Limnodrilus hoffmeisteri;0;0;0;0;0;0;0;0;0;0;0;0;0;0;0;0;0;0;0;0;0;0;0;0;0;0;0;0;0;0;0;0;0;0;0;0;0;0;22;0
Diptera;Chironomidae;Corynoneura;Corynoneura lacustris;0;0;0;0;0;0;0;0;0;0;0;0;0;1;0;0;0;0;0;0;0;0;0;0;0;0;0;0;1;0;0;0;0;0;0;0;4;0;0;0
Coleoptera;;;Coleoptera;0;0;0;0;0;0;0;22;0;0;0;0;0;0;0;0;0;0;0;0;0;0;0;0;0;0;0;0;0;0;0;0;0;0;0;0;0;0;0;0
Coleoptera;Hydrophilidae;;Hydrophilidae;0;0;0;0;40;0;0;0;0;0;1;0;0;0;0;0;0;0;0;0;0;0;0;0;0;0;0;0;0;0;0;0;0;0;0;0;3;0;0;0
Diptera;Chironomidae;Psectrotanypus;Psectrotanypus varius;0;0;0;0;0;0;0;0;0;0;0;0;0;0;0;0;0;0;0;0;0;0;0;0;0;0;0;0;0;0;0;0;0;0;0;0;0;0;0;0
Diptera;Muscidae;;Muscidae;0;0;0;0;0;0;0;0;0;0;0;0;0;0;0;0;0;0;0;0;0;0;0;0;0;0;0;0;0;0;0;0;0;63;0;0;0;0;0;0
Coleoptera;Hydrophilidae;Laccobius;Laccobius;0;0;0;0;33;0;0;0;0;0;0;0;0;0;0;0;0;0;0;0;0;0;0;0;0;0;0;0;0;0;0;0;0;0;0;0;0;0;0;0
Diptera;Chironomidae;;Chironomidae;0;0;0;0;0;0;0;0;0;0;0;0;0;0;0;0;0;0;0;0;0;0;0;0;0;0;0;0;0;0;0;0;0;0;0;21;0;0;0;0
Diptera;Empididae;;Empididae;0;0;0;0;0;0;0;0;0;0;0;0;0;0;0;0;0;0;0;0;0;0;0;0;0;0;0;0;0;0;0;0;0;46;0;0;0;0;0;0
Odonata;Libellulidae;Crocothemis;Crocothemis erythraea;0;0;0;0;0;0;0;21;0;0;0;0;0;0;0;0;0;0;0;0;0;0;0;0;0;0;0;0;0;0;0;0;0;0;0;0;0;0;0;0
Coleoptera;Hydrophilidae;Laccobius;Laccobius;0;0;0;0;0;0;0;0;0;0;0;0;0;0;0;0;0;0;0;0;0;0;0;0;0;0;20;0;0;0;0;0;0;0;0;0;0;0;0;0
Coleoptera;Hydrophilidae;Laccobius;Laccobius striatulus;0;0;0;0;0;0;0;0;0;0;3;20;0;0;0;0;0;0;0;0;0;0;0;0;1;0;0;0;0;0;0;0;0;0;0;0;0;0;0;0
Diptera;Chironomidae;;Chironomidae;0;0;0;0;0;0;0;0;0;0;0;0;0;0;0;0;0;0;0;0;0;0;11;0;0;0;0;0;0;0;0;0;0;0;0;0;9;0;0;0
Diptera;Chironomidae;;Chironomidae;0;0;0;0;0;0;0;0;0;0;0;0;0;0;0;0;0;0;0;0;0;0;0;0;0;0;0;0;0;0;0;0;16;0;0;0;0;0;0;0
Odonata;;;Odonata;0;0;0;0;0;0;19;0;0;0;0;0;0;0;0;0;0;0;0;0;0;0;0;0;0;0;0;0;0;0;0;0;0;0;0;0;0;0;0;0
Diptera;Chironomidae;;Chironomidae;0;0;0;0;0;0;0;0;0;0;0;0;0;0;0;7;0;0;0;0;0;0;0;0;0;0;0;0;0;0;0;0;0;0;0;0;0;0;0;0
Odonata;;;Odonata;0;0;0;0;0;0;0;0;0;0;0;0;0;0;0;0;0;0;0;0;0;0;4;0;0;0;0;0;0;0;0;0;14;0;0;0;0;0;0;0
Diptera;Chironomidae;Rheotanytarsus;Rheotanytarsus;0;0;0;0;0;0;0;0;0;0;0;0;0;0;0;32;0;0;0;0;0;0;0;0;0;0;0;0;0;0;0;0;0;0;0;0;0;0;0;0
Diptera;Chironomidae;;Chironomidae;0;0;0;0;0;0;0;0;0;0;0;0;0;0;0;0;0;0;0;0;0;0;0;0;0;0;0;0;0;0;18;0;0;0;0;0;0;0;0;0
Ephemeroptera;Baetidae;Procloeon;Procloeon;0;0;0;0;0;0;0;0;0;0;0;0;0;0;0;0;0;0;0;0;0;0;0;0;0;0;0;0;0;0;0;0;0;0;0;0;0;0;0;0
Diptera;;;Diptera;0;0;4;0;0;0;0;0;0;0;0;0;0;0;0;0;0;0;0;0;0;0;0;0;0;0;0;0;0;0;0;0;0;0;0;0;0;0;0;0
Tubificida;Naididae;Bothrioneurum;Bothrioneurum vejdovskyanum;0;0;0;0;0;0;0;0;0;0;0;0;0;1;0;0;0;0;0;0;0;0;0;0;0;0;0;0;0;0;0;0;0;0;0;0;0;0;0;0
Coleoptera;Hydrophilidae;Laccobius;Laccobius;0;0;0;0;0;0;0;0;0;0;0;0;0;0;0;0;0;0;0;0;0;0;0;0;0;0;0;0;0;0;0;0;0;0;0;0;0;0;17;0
Diptera;;;Diptera;2;0;0;0;0;0;0;0;11;0;0;0;0;0;0;0;0;0;0;0;0;0;0;0;0;0;0;0;0;0;0;0;0;0;0;0;0;0;0;0
Odonata;;;Odonata;0;0;0;0;0;0;0;0;0;0;0;0;0;0;0;0;0;0;0;0;0;0;0;0;0;0;0;0;0;0;0;0;16;0;0;0;0;0;0;0
Coleoptera;Hydrophilidae;Laccobius;Laccobius;0;0;0;0;28;0;0;0;0;0;0;0;0;0;0;0;0;0;0;0;0;0;0;0;0;0;0;0;0;0;0;0;0;0;0;0;0;0;0;0
Odonata;Coenagrionidae;Erythromma;Erythromma lindenii;0;0;0;0;0;0;0;0;0;0;0;0;0;0;0;0;0;0;0;0;0;0;0;0;0;0;0;0;0;0;0;0;0;0;8;0;0;0;0;0
Diptera;Chironomidae;Prodiamesa;Prodiamesa olivacea;0;0;0;0;0;0;0;0;0;0;0;0;0;0;0;0;0;0;0;0;0;0;0;0;16;0;0;0;0;0;0;0;0;0;0;0;0;0;0;0
Ephemeroptera;Baetidae;Baetis;Baetis rhodani;0;0;0;0;0;0;0;0;0;0;0;0;0;0;0;0;0;0;0;0;0;0;0;0;0;0;0;0;1;0;0;0;0;0;10;0;0;0;0;0
Coleoptera;Dytiscidae;Stictonectes;Stictonectes lepidus;0;0;0;0;0;0;15;0;0;0;0;0;0;0;0;0;0;0;0;0;0;0;0;0;0;0;0;0;0;0;0;0;0;0;0;0;0;0;0;0
Coleoptera;Hydrophilidae;Laccobius;Laccobius;0;0;0;0;15;0;0;0;0;0;0;0;0;0;0;0;0;0;0;0;0;0;0;0;1;0;0;0;0;0;0;0;0;0;0;0;0;0;0;0
Diptera;Chironomidae;Psectrotanypus;Psectrotanypus varius;0;0;0;0;0;0;0;0;0;0;0;0;0;0;0;0;0;0;0;0;0;0;0;0;0;1;0;0;0;0;0;0;0;0;0;0;0;0;0;0
Diptera;Chironomidae;;Chironomidae;0;0;0;0;0;0;0;0;0;0;0;0;0;0;0;0;0;0;0;0;0;0;15;0;0;0;0;0;0;0;0;0;0;0;0;0;0;0;0;0
Coleoptera;Dytiscidae;Agabus;Agabus brunneus;1;0;0;0;0;0;0;0;0;0;0;0;0;0;0;0;0;0;0;0;7;0;0;0;0;0;0;0;3;0;0;0;0;0;0;0;4;0;0;0
Odonata;Platycnemididae;Platycnemis;Platycnemis acutipennis;0;0;0;0;0;0;0;0;0;0;2;0;0;0;0;0;0;0;1;0;0;0;0;0;0;1;0;1;0;0;0;0;0;0;15;0;0;0;0;0
Coleoptera;Dytiscidae;;Dytiscidae;0;0;0;0;0;0;0;0;0;0;0;0;0;1;0;0;0;0;0;0;0;0;0;0;0;0;0;0;0;0;15;0;0;0;0;0;0;0;0;0
Odonata;Gomphidae;Onychogomphus;Onychogomphus;0;0;0;0;14;0;0;0;0;0;0;0;0;0;0;0;0;0;0;0;0;0;0;0;0;0;0;0;0;0;0;0;0;0;0;0;0;0;0;0
Odonata;Libellulidae;;Libellulidae;0;0;0;0;0;0;0;0;0;0;0;0;0;0;0;0;0;0;0;0;0;0;14;0;0;0;0;0;0;0;0;0;0;0;0;0;0;0;0;0
Hemiptera;Veliidae;Microvelia;Microvelia pygmaea;0;0;0;0;0;0;0;0;0;0;10;4;0;0;0;0;0;0;0;0;0;0;0;0;0;0;0;0;0;0;0;0;0;0;0;0;0;0;0;0
Diptera;Chironomidae;Corynoneura;Corynoneura lacustris;0;0;0;0;0;0;0;0;0;0;0;0;0;0;3;0;0;0;0;0;0;0;4;0;0;0;0;0;0;0;0;0;0;0;1;0;0;0;0;0
Hemiptera;Corixidae;Micronecta;Micronecta;0;0;0;0;0;0;0;0;0;0;0;0;0;0;0;0;0;0;0;0;0;0;0;0;0;0;0;0;0;0;0;0;0;0;1;0;0;0;0;0
Trombidiformes;;;Trombidiformes;0;0;0;0;0;0;0;0;0;0;0;0;0;0;0;0;0;0;0;0;0;0;0;0;0;0;0;0;13;0;0;0;0;0;0;0;0;0;0;0
Diptera;Chironomidae;Cricotopus;Cricotopus;0;0;0;0;0;0;0;0;0;0;0;0;0;0;0;13;0;0;0;0;0;0;0;0;0;0;0;0;0;0;0;0;0;0;0;0;0;0;0;0
Diptera;Simuliidae;Simulium;Simulium;0;0;0;0;0;0;0;0;0;0;0;0;0;0;0;13;0;0;0;0;0;0;0;0;0;0;0;0;0;0;0;0;0;0;0;0;0;0;0;0
Odonata;Coenagrionidae;Erythromma;Erythromma lindenii;0;0;0;0;0;0;0;0;0;0;0;0;0;0;0;0;0;0;0;0;0;0;0;0;0;0;0;0;0;0;0;0;0;0;10;0;0;0;0;0
Coleoptera;Dryopidae;;Dryopidae;0;0;0;0;0;0;0;0;0;0;0;0;0;0;0;0;0;0;0;0;0;0;0;0;0;12;0;0;0;0;0;0;0;0;0;0;0;0;0;0
Coleoptera;Hydrophilidae;Laccobius;Laccobius;0;0;0;0;12;0;0;0;0;0;0;0;0;0;0;0;0;0;0;0;0;0;0;0;0;0;0;0;0;0;0;0;0;0;0;0;0;0;0;0
Diptera;Chironomidae;Ablabesmyia;Ablabesmyia;0;0;0;0;12;0;0;0;0;0;0;0;0;0;0;0;0;0;0;0;0;0;0;0;0;0;0;0;0;0;0;0;0;0;0;0;0;0;0;0
Coleoptera;Hydrophilidae;Laccobius;Laccobius;0;0;0;0;0;0;0;0;0;0;0;0;0;0;0;0;0;0;0;0;0;0;0;0;0;0;12;0;0;0;0;0;0;0;0;0;0;0;0;0
Diptera;;;Diptera;0;0;0;0;0;0;0;0;0;0;0;0;0;0;0;0;0;0;0;0;0;0;0;0;0;0;12;0;0;0;0;0;0;0;0;0;0;0;0;0
Coleoptera;Dytiscidae;;Dytiscidae;0;0;0;0;0;0;0;0;0;0;0;0;0;0;0;0;0;0;0;0;0;0;0;0;0;0;0;0;0;0;11;0;0;0;0;0;0;0;0;0
Diptera;Chironomidae;;Chironomidae;0;0;0;0;0;0;0;0;0;0;0;0;0;0;0;0;0;0;0;0;0;0;0;0;0;0;0;0;0;0;0;0;0;0;2;0;0;0;0;0
Coleoptera;Dytiscidae;Stictonectes;Stictonectes;0;0;0;0;0;0;0;0;0;0;0;0;0;0;0;0;0;0;0;0;0;0;0;0;0;0;0;0;0;1;0;0;0;0;0;0;0;0;0;0
Diptera;Culicidae;Culex;Culex mimeticus;1;0;0;0;0;0;0;0;0;0;0;0;0;0;2;0;0;0;0;0;0;0;0;0;0;0;0;0;0;0;0;0;0;0;0;0;0;0;0;0
Tubificida;Naididae;Chaetogaster;Chaetogaster;0;0;0;0;0;0;0;0;0;0;0;0;0;0;0;0;0;0;0;0;0;0;0;0;0;0;0;0;0;0;0;0;0;0;3;0;0;0;0;0
Hemiptera;;;Hemiptera;0;0;0;11;0;0;0;0;0;0;0;0;0;0;0;0;0;0;0;0;0;0;0;0;0;0;0;0;0;0;0;0;0;0;0;0;0;0;0;0
Diptera;Chironomidae;;Chironomidae;0;0;0;0;0;0;0;0;0;0;0;0;0;0;0;0;0;0;0;0;0;11;0;0;0;0;0;0;0;0;0;0;0;0;0;0;0;0;0;0
Hemiptera;;;Hemiptera;0;0;0;0;0;0;0;0;0;0;0;0;0;0;0;0;0;0;0;0;0;0;11;0;0;0;0;0;0;0;0;0;0;0;0;0;0;0;0;0
Tubificida;Naididae;;Naididae;0;0;0;0;0;0;0;0;11;0;0;0;0;0;0;0;0;0;0;0;0;0;0;0;0;0;0;0;0;0;0;0;0;0;0;0;0;0;0;0
Crassiclitellata;Lumbricidae;Eiseniella;Eiseniella tetraedra;0;0;0;0;0;0;0;0;0;0;0;0;0;0;0;0;0;1;0;0;0;0;0;0;0;0;0;0;0;0;0;0;0;0;6;0;0;0;0;0
Coleoptera;Hydrophilidae;Laccobius;Laccobius striatulus;0;0;0;0;0;0;0;0;0;0;0;0;0;0;0;0;0;0;0;0;0;0;0;0;0;0;10;0;0;0;0;0;0;0;0;0;0;0;0;0
Diptera;Simuliidae;Simulium;Simulium intermedium;0;0;0;0;0;0;0;0;0;0;0;0;0;0;0;0;0;0;0;0;0;0;1;0;2;0;10;0;0;0;0;0;0;0;0;0;0;0;0;0
Coleoptera;Hydrophilidae;Laccobius;Laccobius;0;0;0;0;5;0;0;0;0;0;0;0;0;0;0;0;0;0;0;0;0;0;0;0;1;0;0;0;0;0;0;0;0;0;0;0;0;0;5;0
Diptera;Chironomidae;Macropelopia;Macropelopia nebulosa;0;0;0;0;0;0;0;0;0;0;0;0;0;0;0;0;0;0;0;0;0;0;0;0;0;9;0;2;0;0;0;0;0;0;0;0;0;0;0;0
Coleoptera;Hydrophilidae;Laccobius;Laccobius;0;0;0;0;17;0;0;0;0;0;2;2;0;0;0;0;0;0;0;0;0;0;0;0;0;0;0;0;0;0;0;0;0;0;0;0;0;0;0;0
Tubificida;Naididae;Nais;Nais;0;0;0;0;0;0;0;0;0;0;1;0;0;0;0;0;0;0;0;0;0;0;0;0;0;0;0;0;4;0;0;0;0;0;0;0;5;0;0;0
Coleoptera;Hydrophilidae;Laccobius;Laccobius;0;0;0;0;4;0;0;0;0;0;0;0;0;0;0;0;0;0;0;0;0;0;0;0;0;0;0;0;0;0;0;0;0;0;0;0;0;0;5;0
Odonata;Libellulidae;;Libellulidae;0;0;0;0;0;0;0;0;0;0;0;0;0;0;0;0;0;0;0;0;0;0;0;0;0;8;0;0;0;0;0;0;0;0;0;0;0;0;0;0
Plecoptera;Leuctridae;Leuctra;Leuctra alosi;0;0;0;0;0;0;0;0;0;0;0;0;0;0;0;0;0;0;0;0;0;0;0;0;0;0;0;2;0;0;0;0;0;0;8;0;0;0;0;0
Arhynchobdellida;;;Arhynchobdellida;0;0;0;0;0;0;0;0;0;0;0;0;0;0;0;0;0;0;0;0;0;0;2;0;0;0;0;0;0;0;0;0;0;0;0;0;0;0;0;0
Diptera;Chironomidae;;Chironomidae;0;0;0;0;0;0;0;0;0;0;0;0;0;0;0;0;0;0;0;0;0;0;0;0;0;0;0;0;8;0;0;0;0;0;0;0;3;0;0;0
Odonata;;;Odonata;0;0;0;0;0;0;0;0;0;0;0;0;0;0;0;0;0;0;0;0;0;0;0;0;0;0;0;0;0;0;0;0;0;0;0;0;0;0;0;0
Coleoptera;;;Coleoptera;0;0;0;0;8;0;0;0;0;0;0;0;0;0;0;0;0;0;0;0;0;0;0;0;1;0;0;0;0;0;0;0;0;0;0;0;0;0;0;0
Tubificida;Naididae;;Naididae;0;0;2;0;0;0;0;0;0;0;0;0;0;0;0;0;0;0;0;0;0;0;0;0;0;0;0;0;0;0;0;0;0;0;4;0;0;0;0;0
Diptera;Simuliidae;Simulium;Simulium pseudequinum;0;0;0;0;0;0;0;0;0;0;0;0;0;1;0;0;0;0;0;0;0;0;4;0;0;0;0;0;0;0;0;0;0;0;4;0;0;0;0;0
Coleoptera;;;Coleoptera;0;0;0;0;0;0;0;0;0;0;0;0;0;0;0;0;0;0;0;0;0;8;0;0;0;0;0;0;0;0;0;0;0;0;0;0;0;0;0;0
Diptera;Chironomidae;Paracricotopus;Paracricotopus;0;0;0;0;0;0;0;0;0;0;0;0;0;0;1;8;0;0;0;0;0;0;0;0;0;0;0;0;0;0;0;0;0;0;0;0;0;0;0;0
Plecoptera;Perlodidae;Isoperla;Isoperla grammatica;0;0;0;0;0;0;0;0;0;0;0;0;0;0;0;0;0;0;0;0;0;0;8;0;0;0;0;0;0;0;0;0;0;0;0;0;0;0;0;0
